subclass	superfamily	family	total_bp	mean_width	min_width	max_width	sd_width	mean_div	min_div	max_div	sd_div
DNA	IS3EU	RND-1_FAMILY-183	9798	139.97	11	393	114.53	NA	NA	NA	NA
DNA	IS3EU	RND-1_FAMILY-230	1886	117.88	33	375	116.08	NA	NA	NA	NA
DNA	Kolobok	RND-1_FAMILY-36	16279	378.58	13	4465	860.79	NA	NA	NA	NA
DNA	Kolobok	RND-1_FAMILY-78	7528	376.4	34	2572	752.15	NA	NA	NA	NA
DNA	PIF	RND-1_FAMILY-420	4751	226.24	9	1040	329.43	NA	NA	NA	NA
DNA	PIF	RND-1_FAMILY-54	3942	492.75	94	1044	453.96	NA	NA	NA	NA
DNA	PiggyBac	RND-1_FAMILY-361	5065	136.89	38	298	70.94	NA	NA	NA	NA
DNA	PiggyBac	RND-1_FAMILY-392	683	48.79	23	111	20.36	NA	NA	NA	NA
DNA	PiggyBac	RND-2_FAMILY-816	4054	101.35	47	138	27.08	NA	NA	NA	NA
DNA	Sola	RND-1_FAMILY-252	19950	643.55	53	3846	1151.83	NA	NA	NA	NA
DNA	TcMar	RND-1_FAMILY-235	23594	873.85	43	5014	1298.18	NA	NA	NA	NA
DNA	TcMar	RND-1_FAMILY-265	12987	564.65	41	1100	416.29	NA	NA	NA	NA
DNA	TcMar	RND-2_FAMILY-23	14751	250.02	42	481	141.65	NA	NA	NA	NA
DNA	hAT	RND-1_FAMILY-111	13088	214.56	49	413	129.61	NA	NA	NA	NA
DNA	hAT	RND-1_FAMILY-228	6237	178.2	50	335	101.4	NA	NA	NA	NA
DNA	hAT	RND-1_FAMILY-245	5265	210.6	50	317	102.79	NA	NA	NA	NA
DNA	hAT	RND-1_FAMILY-254	2790	174.38	69	326	90.52	NA	NA	NA	NA
DNA	hAT	RND-1_FAMILY-271	673	134.6	54	327	109.18	NA	NA	NA	NA
DNA	hAT	RND-1_FAMILY-272	2756	250.55	51	349	107.62	NA	NA	NA	NA
DNA	hAT	RND-1_FAMILY-291	3201	266.75	124	343	77.84	NA	NA	NA	NA
DNA	hAT	RND-1_FAMILY-295	1579	175.44	29	342	122	NA	NA	NA	NA
DNA	hAT	RND-1_FAMILY-340	12481	277.36	13	3100	580.91	NA	NA	NA	NA
DNA	hAT	RND-1_FAMILY-365	10808	1080.8	91	3052	1148.34	NA	NA	NA	NA
DNA	hAT	RND-1_FAMILY-60	27151	335.2	26	817	203.22	NA	NA	NA	NA
DNA	hAT	RND-1_FAMILY-81	11443	161.17	66	303	48.13	NA	NA	NA	NA
DNA	hAT	RND-2_FAMILY-1	9720	237.07	56	511	142.57	NA	NA	NA	NA
DNA	hAT	RND-2_FAMILY-1566	5888	184	51	345	94.35	NA	NA	NA	NA
DNA	hAT	RND-2_FAMILY-21	7101	197.25	51	364	104.38	NA	NA	NA	NA
DNA	hAT	RND-2_FAMILY-4	6993	241.14	34	407	128.26	NA	NA	NA	NA
DNA	hAT	RND-2_FAMILY-456	3228	146.73	60	259	76.49	NA	NA	NA	NA
DNA	hAT	RND-2_FAMILY-640	3140	149.52	56	310	76.79	NA	NA	NA	NA
DNA	hAT	RND-2_FAMILY-648	182	91	87	95	5.66	NA	NA	NA	NA
LINE	CR1	RND-1_FAMILY-165	21731	381.25	12	2944	613.77	NA	NA	NA	NA
LINE	CR1	RND-1_FAMILY-198	13026	302.93	18	1108	281.52	NA	NA	NA	NA
LINE	CR1	RND-1_FAMILY-214	9822	363.78	46	1098	348.87	NA	NA	NA	NA
LINE	CR1	RND-1_FAMILY-324	9043	411.05	17	1061	356.04	NA	NA	NA	NA
LINE	CR1	RND-1_FAMILY-352	8153	354.48	65	1026	267.89	NA	NA	NA	NA
LINE	CR1	RND-1_FAMILY-72	35491	422.51	50	1968	443.93	NA	NA	NA	NA
LINE	Dong	RND-1_FAMILY-310	6953	289.71	34	655	222.78	NA	NA	NA	NA
LINE	Dong	RND-1_FAMILY-345	14576	728.8	58	2517	688.91	NA	NA	NA	NA
LINE	Dong	RND-1_FAMILY-405	20761	1730.08	91	3783	1454.56	NA	NA	NA	NA
LINE	L1	RND-1_FAMILY-29	24398	180.73	36	470	79.06	NA	NA	NA	NA
LINE	L2	RND-1_FAMILY-119	7288	220.85	12	655	191	NA	NA	NA	NA
LINE	L2	RND-1_FAMILY-121	11374	291.64	42	1349	263.36	NA	NA	NA	NA
LINE	L2	RND-1_FAMILY-122	12868	338.63	59	1412	303.15	NA	NA	NA	NA
LINE	L2	RND-1_FAMILY-128	12466	402.13	64	1494	319.8	NA	NA	NA	NA
LINE	L2	RND-1_FAMILY-136	18821	319	19	1877	419.13	NA	NA	NA	NA
LINE	L2	RND-1_FAMILY-140	10219	329.65	20	895	276.98	NA	NA	NA	NA
LINE	L2	RND-1_FAMILY-141	7382	189.28	38	981	187.13	NA	NA	NA	NA
LINE	L2	RND-1_FAMILY-157	25804	505.96	53	1488	405.27	NA	NA	NA	NA
LINE	L2	RND-1_FAMILY-158	6476	809.5	282	1323	398.04	NA	NA	NA	NA
LINE	L2	RND-1_FAMILY-164	14011	400.31	47	1708	375.6	NA	NA	NA	NA
LINE	L2	RND-1_FAMILY-180	15103	225.42	33	1028	216.21	NA	NA	NA	NA
LINE	L2	RND-1_FAMILY-191	8816	251.89	33	1359	257.29	NA	NA	NA	NA
LINE	L2	RND-1_FAMILY-194	10249	427.04	62	1503	368.66	NA	NA	NA	NA
LINE	L2	RND-1_FAMILY-201	4632	193	47	518	145.9	NA	NA	NA	NA
LINE	L2	RND-1_FAMILY-217	8604	296.69	53	686	168.3	NA	NA	NA	NA
LINE	L2	RND-1_FAMILY-226	18843	319.37	49	1953	397.67	NA	NA	NA	NA
LINE	L2	RND-1_FAMILY-229	14398	449.94	71	1752	432.89	NA	NA	NA	NA
LINE	L2	RND-1_FAMILY-233	16086	459.6	29	1699	398.08	NA	NA	NA	NA
LINE	L2	RND-1_FAMILY-239	11623	415.11	62	1391	314.73	NA	NA	NA	NA
LINE	L2	RND-1_FAMILY-240	15644	422.81	56	1468	411.43	NA	NA	NA	NA
LINE	L2	RND-1_FAMILY-242	2030	290	71	644	232.86	NA	NA	NA	NA
LINE	L2	RND-1_FAMILY-247	14638	318.22	12	1038	272.72	NA	NA	NA	NA
LINE	L2	RND-1_FAMILY-257	7587	261.62	91	718	122.57	NA	NA	NA	NA
LINE	L2	RND-1_FAMILY-261	10528	404.92	47	1291	340.98	NA	NA	NA	NA
LINE	L2	RND-1_FAMILY-262	17897	389.07	48	1052	274.95	NA	NA	NA	NA
LINE	L2	RND-1_FAMILY-263	4242	353.5	28	677	190.11	NA	NA	NA	NA
LINE	L2	RND-1_FAMILY-269	3817	200.89	45	774	184.12	NA	NA	NA	NA
LINE	L2	RND-1_FAMILY-276	7747	267.14	54	846	208.2	NA	NA	NA	NA
LINE	L2	RND-1_FAMILY-279	7965	331.88	67	1279	305.1	NA	NA	NA	NA
LINE	L2	RND-1_FAMILY-287	6337	288.05	48	825	222.47	NA	NA	NA	NA
LINE	L2	RND-1_FAMILY-293	11387	495.09	65	1450	360.09	NA	NA	NA	NA
LINE	L2	RND-1_FAMILY-305	11866	370.81	37	1373	325.48	NA	NA	NA	NA
LINE	L2	RND-1_FAMILY-314	6408	194.18	42	721	161.01	NA	NA	NA	NA
LINE	L2	RND-1_FAMILY-317	4807	184.88	39	355	84.9	NA	NA	NA	NA
LINE	L2	RND-1_FAMILY-319	3930	151.15	33	299	87.39	NA	NA	NA	NA
LINE	L2	RND-1_FAMILY-321	11276	363.74	35	1505	359.74	NA	NA	NA	NA
LINE	L2	RND-1_FAMILY-328	9416	324.69	35	1446	334.68	NA	NA	NA	NA
LINE	L2	RND-1_FAMILY-329	1745	116.33	30	228	76.86	NA	NA	NA	NA
LINE	L2	RND-1_FAMILY-342	6245	260.21	35	1259	243.96	NA	NA	NA	NA
LINE	L2	RND-1_FAMILY-346	8062	537.47	40	1499	501.22	NA	NA	NA	NA
LINE	L2	RND-1_FAMILY-350	6537	210.87	75	444	106.1	NA	NA	NA	NA
LINE	L2	RND-1_FAMILY-355	11057	480.74	92	1343	403.63	NA	NA	NA	NA
LINE	L2	RND-1_FAMILY-357	6115	305.75	23	792	232.19	NA	NA	NA	NA
LINE	L2	RND-1_FAMILY-364	4242	326.31	56	1611	416.95	NA	NA	NA	NA
LINE	L2	RND-1_FAMILY-367	37621	553.25	42	1439	381.28	NA	NA	NA	NA
LINE	L2	RND-1_FAMILY-37	44656	402.31	12	2034	453.57	NA	NA	NA	NA
LINE	L2	RND-1_FAMILY-373	9306	517	26	1667	473.83	NA	NA	NA	NA
LINE	L2	RND-1_FAMILY-380	6604	287.13	12	859	254.21	NA	NA	NA	NA
LINE	L2	RND-1_FAMILY-385	5895	226.73	21	588	171.02	NA	NA	NA	NA
LINE	L2	RND-1_FAMILY-390	10601	441.71	95	1158	338.93	NA	NA	NA	NA
LINE	L2	RND-1_FAMILY-399	9247	402.04	11	1691	469.01	NA	NA	NA	NA
LINE	L2	RND-1_FAMILY-402	3169	288.09	53	732	182.54	NA	NA	NA	NA
LINE	L2	RND-1_FAMILY-424	4036	224.22	19	691	192.18	NA	NA	NA	NA
LINE	L2	RND-1_FAMILY-53	11371	392.1	43	1951	445.69	NA	NA	NA	NA
LINE	L2	RND-1_FAMILY-58	12995	341.97	42	1375	318.33	NA	NA	NA	NA
LINE	L2	RND-1_FAMILY-64	10247	262.74	52	864	175.72	NA	NA	NA	NA
LINE	L2	RND-1_FAMILY-77	9324	372.96	24	1365	414.84	NA	NA	NA	NA
LINE	L2	RND-1_FAMILY-82	8910	356.4	40	1314	354.03	NA	NA	NA	NA
LINE	L2	RND-1_FAMILY-9	52348	601.7	11	2711	605.75	NA	NA	NA	NA
LINE	L2	RND-1_FAMILY-90	8017	400.85	66	1401	342.81	NA	NA	NA	NA
LINE	L2	RND-2_FAMILY-165	347	347	347	347	NA	NA	NA	NA	NA
LINE	L2	RND-2_FAMILY-233	9593	199.85	74	343	79.72	NA	NA	NA	NA
LINE	L2	RND-2_FAMILY-730	6059	275.41	82	550	120.9	NA	NA	NA	NA
LINE	R2	RND-1_FAMILY-16	21960	844.62	71	2626	754.8	NA	NA	NA	NA
LINE	R2	RND-1_FAMILY-213	39389	562.7	15	2689	681.19	NA	NA	NA	NA
LINE	R2	RND-1_FAMILY-215	4243	202.05	21	620	196.86	NA	NA	NA	NA
LINE	R2	RND-1_FAMILY-285	43646	703.97	16	3232	790.94	NA	NA	NA	NA
LINE	R2	RND-1_FAMILY-33	18543	331.12	15	849	229.85	NA	NA	NA	NA
LINE	R2	RND-1_FAMILY-347	11946	385.35	60	1358	356.25	NA	NA	NA	NA
LINE	R2	RND-1_FAMILY-359	12451	389.09	19	2578	563.21	NA	NA	NA	NA
LINE	R2	RND-1_FAMILY-401	14210	364.36	41	1550	368.06	NA	NA	NA	NA
LINE	RTE	RND-1_FAMILY-389	26484	1393.89	206	2112	581.92	NA	NA	NA	NA
LINE	RTE	RND-2_FAMILY-45	22045	612.36	63	3219	722.94	NA	NA	NA	NA
LTR	Gypsy	RND-1_FAMILY-325	21311	1183.94	43	4986	1347.48	NA	NA	NA	NA
LTR	Gypsy	RND-2_FAMILY-131	67279	2170.29	74	5208	2234.76	NA	NA	NA	NA
Other	Low_complexity	A-RICH	12542	63.03	13	414	52.77	NA	NA	NA	NA
Other	Low_complexity	G-RICH	619	56.27	27	96	24.43	NA	NA	NA	NA
Other	Low_complexity	GA-RICH	3442	80.05	28	538	91.3	NA	NA	NA	NA
Other	Satellite	RND-1_FAMILY-0	5332	136.72	11	534	132.59	NA	NA	NA	NA
Other	Satellite	RND-1_FAMILY-1	101	101	101	101	NA	NA	NA	NA	NA
Other	Satellite	RND-1_FAMILY-113	12367	301.63	26	1184	287.06	NA	NA	NA	NA
Other	Satellite	RND-1_FAMILY-162	11203	260.53	44	598	145.63	NA	NA	NA	NA
Other	Satellite	RND-1_FAMILY-2	76292	256.88	25	753	143.99	NA	NA	NA	NA
Other	Satellite	RND-1_FAMILY-21	848	84.8	16	262	74.2	NA	NA	NA	NA
Other	Satellite	RND-1_FAMILY-299	4428	553.5	124	1390	447.46	NA	NA	NA	NA
Other	Satellite	RND-1_FAMILY-4	129937	3169.2	50	113550	17672.89	NA	NA	NA	NA
Other	Satellite	RND-1_FAMILY-41	954	86.73	17	180	56.69	NA	NA	NA	NA
Other	Satellite	RND-1_FAMILY-419	15394	150.92	19	955	168.84	NA	NA	NA	NA
Other	Satellite	RND-1_FAMILY-63	1046	209.2	33	646	248.81	NA	NA	NA	NA
Other	Satellite	RND-1_FAMILY-68	37379	308.92	42	1629	227.24	NA	NA	NA	NA
Other	Satellite	RND-1_FAMILY-87	267	89	58	150	52.83	NA	NA	NA	NA
Other	Satellite	RND-1_FAMILY-89	1090	77.86	39	134	27.26	NA	NA	NA	NA
Other	Simple_repeat	(A)N	193	32.17	22	48	10.36	NA	NA	NA	NA
Other	Simple_repeat	(AAAAGT)N	33	33	33	33	NA	NA	NA	NA	NA
Other	Simple_repeat	(AAAAT)N	64	64	64	64	NA	NA	NA	NA	NA
Other	Simple_repeat	(AAAATGGA)N	34	34	34	34	NA	NA	NA	NA	NA
Other	Simple_repeat	(AAAC)N	52	26	23	29	4.24	NA	NA	NA	NA
Other	Simple_repeat	(AAAGAT)N	105	105	105	105	NA	NA	NA	NA	NA
Other	Simple_repeat	(AAAT)N	200	40	28	76	20.25	NA	NA	NA	NA
Other	Simple_repeat	(AAATA)N	27	27	27	27	NA	NA	NA	NA	NA
Other	Simple_repeat	(AAATAAT)N	186	186	186	186	NA	NA	NA	NA	NA
Other	Simple_repeat	(AAATACTTG)N	40	40	40	40	NA	NA	NA	NA	NA
Other	Simple_repeat	(AAATATG)N	41	41	41	41	NA	NA	NA	NA	NA
Other	Simple_repeat	(AAATC)N	63	31.5	28	35	4.95	NA	NA	NA	NA
Other	Simple_repeat	(AAATG)N	280	35	24	43	6	NA	NA	NA	NA
Other	Simple_repeat	(AAATGA)N	48	48	48	48	NA	NA	NA	NA	NA
Other	Simple_repeat	(AAC)N	658	31.33	17	56	10.4	NA	NA	NA	NA
Other	Simple_repeat	(AACA)N	70	35	31	39	5.66	NA	NA	NA	NA
Other	Simple_repeat	(AACAA)N	308	51.33	28	96	23.58	NA	NA	NA	NA
Other	Simple_repeat	(AACAAT)N	77	25.67	8	35	15.31	NA	NA	NA	NA
Other	Simple_repeat	(AACAATG)N	35	35	35	35	NA	NA	NA	NA	NA
Other	Simple_repeat	(AACAGA)N	36	36	36	36	NA	NA	NA	NA	NA
Other	Simple_repeat	(AACAGAT)N	39	39	39	39	NA	NA	NA	NA	NA
Other	Simple_repeat	(AACAGC)N	23	23	23	23	NA	NA	NA	NA	NA
Other	Simple_repeat	(AACAT)N	83	41.5	26	57	21.92	NA	NA	NA	NA
Other	Simple_repeat	(AACATAC)N	35	35	35	35	NA	NA	NA	NA	NA
Other	Simple_repeat	(AACCCC)N	37	37	37	37	NA	NA	NA	NA	NA
Other	Simple_repeat	(AACCT)N	108	108	108	108	NA	NA	NA	NA	NA
Other	Simple_repeat	(AACG)N	34	34	34	34	NA	NA	NA	NA	NA
Other	Simple_repeat	(AACGAAT)N	30	30	30	30	NA	NA	NA	NA	NA
Other	Simple_repeat	(AACGT)N	57	57	57	57	NA	NA	NA	NA	NA
Other	Simple_repeat	(AACT)N	30	30	30	30	NA	NA	NA	NA	NA
Other	Simple_repeat	(AACTA)N	52	52	52	52	NA	NA	NA	NA	NA
Other	Simple_repeat	(AACTAC)N	55	55	55	55	NA	NA	NA	NA	NA
Other	Simple_repeat	(AACTCTT)N	291	97	86	107	10.54	NA	NA	NA	NA
Other	Simple_repeat	(AACTGT)N	43	43	43	43	NA	NA	NA	NA	NA
Other	Simple_repeat	(AAG)N	179	22.38	19	30	4.6	NA	NA	NA	NA
Other	Simple_repeat	(AAGACA)N	47	47	47	47	NA	NA	NA	NA	NA
Other	Simple_repeat	(AAGAG)N	28	28	28	28	NA	NA	NA	NA	NA
Other	Simple_repeat	(AAGATAT)N	123	123	123	123	NA	NA	NA	NA	NA
Other	Simple_repeat	(AAGATG)N	126	126	126	126	NA	NA	NA	NA	NA
Other	Simple_repeat	(AAGATTA)N	34	34	34	34	NA	NA	NA	NA	NA
Other	Simple_repeat	(AAGCA)N	35	35	35	35	NA	NA	NA	NA	NA
Other	Simple_repeat	(AAGCAC)N	56	56	56	56	NA	NA	NA	NA	NA
Other	Simple_repeat	(AAGCAT)N	29	29	29	29	NA	NA	NA	NA	NA
Other	Simple_repeat	(AAGGCCATG)N	60	60	60	60	NA	NA	NA	NA	NA
Other	Simple_repeat	(AAGGGGGC)N	54	54	54	54	NA	NA	NA	NA	NA
Other	Simple_repeat	(AAGGTGA)N	42	42	42	42	NA	NA	NA	NA	NA
Other	Simple_repeat	(AAGT)N	35	35	35	35	NA	NA	NA	NA	NA
Other	Simple_repeat	(AAGTAG)N	39	39	39	39	NA	NA	NA	NA	NA
Other	Simple_repeat	(AAGTCC)N	34	34	34	34	NA	NA	NA	NA	NA
Other	Simple_repeat	(AAGTGTT)N	51	51	51	51	NA	NA	NA	NA	NA
Other	Simple_repeat	(AAGTTC)N	45	45	45	45	NA	NA	NA	NA	NA
Other	Simple_repeat	(AAGTTCA)N	37	37	37	37	NA	NA	NA	NA	NA
Other	Simple_repeat	(AAT)N	961	32.03	18	90	14.59	NA	NA	NA	NA
Other	Simple_repeat	(AATA)N	561	46.75	12	101	22.56	NA	NA	NA	NA
Other	Simple_repeat	(AATAA)N	132	44	29	54	13.23	NA	NA	NA	NA
Other	Simple_repeat	(AATAAAT)N	32	32	32	32	NA	NA	NA	NA	NA
Other	Simple_repeat	(AATAAC)N	56	56	56	56	NA	NA	NA	NA	NA
Other	Simple_repeat	(AATAAG)N	55	55	55	55	NA	NA	NA	NA	NA
Other	Simple_repeat	(AATAATC)N	51	51	51	51	NA	NA	NA	NA	NA
Other	Simple_repeat	(AATAATG)N	52	52	52	52	NA	NA	NA	NA	NA
Other	Simple_repeat	(AATAC)N	1147	382.33	24	894	454.82	NA	NA	NA	NA
Other	Simple_repeat	(AATACA)N	486	162	127	226	55.51	NA	NA	NA	NA
Other	Simple_repeat	(AATACAA)N	52	52	52	52	NA	NA	NA	NA	NA
Other	Simple_repeat	(AATACG)N	96	96	96	96	NA	NA	NA	NA	NA
Other	Simple_repeat	(AATAGAC)N	89	89	89	89	NA	NA	NA	NA	NA
Other	Simple_repeat	(AATAGG)N	33	33	33	33	NA	NA	NA	NA	NA
Other	Simple_repeat	(AATAGTT)N	37	37	37	37	NA	NA	NA	NA	NA
Other	Simple_repeat	(AATAT)N	3353	197.24	27	831	223.65	NA	NA	NA	NA
Other	Simple_repeat	(AATATA)N	163	163	163	163	NA	NA	NA	NA	NA
Other	Simple_repeat	(AATATAC)N	131	43.67	36	52	8.02	NA	NA	NA	NA
Other	Simple_repeat	(AATATAT)N	112	56	37	75	26.87	NA	NA	NA	NA
Other	Simple_repeat	(AATATCA)N	34	34	34	34	NA	NA	NA	NA	NA
Other	Simple_repeat	(AATATCT)N	48	48	48	48	NA	NA	NA	NA	NA
Other	Simple_repeat	(AATATG)N	33	33	33	33	NA	NA	NA	NA	NA
Other	Simple_repeat	(AATATT)N	55	55	55	55	NA	NA	NA	NA	NA
Other	Simple_repeat	(AATATTG)N	89	89	89	89	NA	NA	NA	NA	NA
Other	Simple_repeat	(AATATTT)N	37	37	37	37	NA	NA	NA	NA	NA
Other	Simple_repeat	(AATC)N	1826	101.44	31	237	63.83	NA	NA	NA	NA
Other	Simple_repeat	(AATCA)N	30	30	30	30	NA	NA	NA	NA	NA
Other	Simple_repeat	(AATCAC)N	42	42	42	42	NA	NA	NA	NA	NA
Other	Simple_repeat	(AATCACT)N	61	61	61	61	NA	NA	NA	NA	NA
Other	Simple_repeat	(AATCCT)N	65	65	65	65	NA	NA	NA	NA	NA
Other	Simple_repeat	(AATG)N	1984	132.27	22	590	163.23	NA	NA	NA	NA
Other	Simple_repeat	(AATGA)N	381	63.5	39	147	41.39	NA	NA	NA	NA
Other	Simple_repeat	(AATGAA)N	37	37	37	37	NA	NA	NA	NA	NA
Other	Simple_repeat	(AATGAATT)N	43	43	43	43	NA	NA	NA	NA	NA
Other	Simple_repeat	(AATGAT)N	73	73	73	73	NA	NA	NA	NA	NA
Other	Simple_repeat	(AATGCT)N	93	93	93	93	NA	NA	NA	NA	NA
Other	Simple_repeat	(AATGTAA)N	53	53	53	53	NA	NA	NA	NA	NA
Other	Simple_repeat	(AATGTGACA)N	84	84	84	84	NA	NA	NA	NA	NA
Other	Simple_repeat	(AATT)N	33	33	33	33	NA	NA	NA	NA	NA
Other	Simple_repeat	(AATTA)N	73	36.5	33	40	4.95	NA	NA	NA	NA
Other	Simple_repeat	(AATTAA)N	85	85	85	85	NA	NA	NA	NA	NA
Other	Simple_repeat	(AATTAAT)N	54	54	54	54	NA	NA	NA	NA	NA
Other	Simple_repeat	(AATTAGA)N	41	41	41	41	NA	NA	NA	NA	NA
Other	Simple_repeat	(AATTC)N	170	34	28	49	8.69	NA	NA	NA	NA
Other	Simple_repeat	(AATTCA)N	34	34	34	34	NA	NA	NA	NA	NA
Other	Simple_repeat	(AATTCT)N	33	33	33	33	NA	NA	NA	NA	NA
Other	Simple_repeat	(AATTG)N	244	48.8	26	78	20.78	NA	NA	NA	NA
Other	Simple_repeat	(AATTGAA)N	49	49	49	49	NA	NA	NA	NA	NA
Other	Simple_repeat	(AATTGT)N	77	38.5	38	39	0.71	NA	NA	NA	NA
Other	Simple_repeat	(AATTT)N	41	41	41	41	NA	NA	NA	NA	NA
Other	Simple_repeat	(AATTTAT)N	42	42	42	42	NA	NA	NA	NA	NA
Other	Simple_repeat	(AATTTC)N	118	59	55	63	5.66	NA	NA	NA	NA
Other	Simple_repeat	(AATTTTG)N	36	36	36	36	NA	NA	NA	NA	NA
Other	Simple_repeat	(AC)N	1086	45.25	17	136	30.52	NA	NA	NA	NA
Other	Simple_repeat	(ACA)N	790	35.91	20	74	12.42	NA	NA	NA	NA
Other	Simple_repeat	(ACAA)N	49	49	49	49	NA	NA	NA	NA	NA
Other	Simple_repeat	(ACAAT)N	233	233	233	233	NA	NA	NA	NA	NA
Other	Simple_repeat	(ACAATTT)N	51	51	51	51	NA	NA	NA	NA	NA
Other	Simple_repeat	(ACAC)N	177	59	29	85	28.21	NA	NA	NA	NA
Other	Simple_repeat	(ACACAG)N	53	53	53	53	NA	NA	NA	NA	NA
Other	Simple_repeat	(ACACGC)N	49	49	49	49	NA	NA	NA	NA	NA
Other	Simple_repeat	(ACACTG)N	144	144	144	144	NA	NA	NA	NA	NA
Other	Simple_repeat	(ACAG)N	63	63	63	63	NA	NA	NA	NA	NA
Other	Simple_repeat	(ACAT)N	281	56.2	35	84	20.09	NA	NA	NA	NA
Other	Simple_repeat	(ACATA)N	32	32	32	32	NA	NA	NA	NA	NA
Other	Simple_repeat	(ACATATC)N	49	49	49	49	NA	NA	NA	NA	NA
Other	Simple_repeat	(ACATTATGTG)N	61	61	61	61	NA	NA	NA	NA	NA
Other	Simple_repeat	(ACC)N	68	34	32	36	2.83	NA	NA	NA	NA
Other	Simple_repeat	(ACCA)N	52	52	52	52	NA	NA	NA	NA	NA
Other	Simple_repeat	(ACCAA)N	29	29	29	29	NA	NA	NA	NA	NA
Other	Simple_repeat	(ACCCA)N	39	39	39	39	NA	NA	NA	NA	NA
Other	Simple_repeat	(ACCCG)N	36	36	36	36	NA	NA	NA	NA	NA
Other	Simple_repeat	(ACCCTA)N	41	41	41	41	NA	NA	NA	NA	NA
Other	Simple_repeat	(ACCT)N	110	110	110	110	NA	NA	NA	NA	NA
Other	Simple_repeat	(ACCTG)N	35	35	35	35	NA	NA	NA	NA	NA
Other	Simple_repeat	(ACCTTT)N	57	57	57	57	NA	NA	NA	NA	NA
Other	Simple_repeat	(ACG)N	59	29.5	23	36	9.19	NA	NA	NA	NA
Other	Simple_repeat	(ACGAAC)N	40	40	40	40	NA	NA	NA	NA	NA
Other	Simple_repeat	(ACGT)N	42	42	42	42	NA	NA	NA	NA	NA
Other	Simple_repeat	(ACT)N	492	164	40	408	211.32	NA	NA	NA	NA
Other	Simple_repeat	(ACTA)N	169	84.5	57	112	38.89	NA	NA	NA	NA
Other	Simple_repeat	(ACTAA)N	38	38	38	38	NA	NA	NA	NA	NA
Other	Simple_repeat	(ACTAT)N	1006	201.2	53	700	280.16	NA	NA	NA	NA
Other	Simple_repeat	(ACTATAC)N	50	50	50	50	NA	NA	NA	NA	NA
Other	Simple_repeat	(ACTATGCAG)N	48	48	48	48	NA	NA	NA	NA	NA
Other	Simple_repeat	(ACTC)N	46	46	46	46	NA	NA	NA	NA	NA
Other	Simple_repeat	(ACTGT)N	31	31	31	31	NA	NA	NA	NA	NA
Other	Simple_repeat	(ACTT)N	869	434.5	60	809	529.62	NA	NA	NA	NA
Other	Simple_repeat	(ACTTCA)N	33	33	33	33	NA	NA	NA	NA	NA
Other	Simple_repeat	(ACTTTT)N	70	70	70	70	NA	NA	NA	NA	NA
Other	Simple_repeat	(AG)N	316	31.6	17	44	7.47	NA	NA	NA	NA
Other	Simple_repeat	(AGA)N	62	20.67	19	24	2.89	NA	NA	NA	NA
Other	Simple_repeat	(AGAAC)N	362	181	172	190	12.73	NA	NA	NA	NA
Other	Simple_repeat	(AGAAT)N	29	29	29	29	NA	NA	NA	NA	NA
Other	Simple_repeat	(AGAATAT)N	48	48	48	48	NA	NA	NA	NA	NA
Other	Simple_repeat	(AGACGA)N	35	35	35	35	NA	NA	NA	NA	NA
Other	Simple_repeat	(AGAG)N	51	51	51	51	NA	NA	NA	NA	NA
Other	Simple_repeat	(AGAGAA)N	32	32	32	32	NA	NA	NA	NA	NA
Other	Simple_repeat	(AGAT)N	36	36	36	36	NA	NA	NA	NA	NA
Other	Simple_repeat	(AGATAA)N	49	49	49	49	NA	NA	NA	NA	NA
Other	Simple_repeat	(AGATCA)N	42	42	42	42	NA	NA	NA	NA	NA
Other	Simple_repeat	(AGATCAG)N	38	38	38	38	NA	NA	NA	NA	NA
Other	Simple_repeat	(AGATGA)N	74	37	35	39	2.83	NA	NA	NA	NA
Other	Simple_repeat	(AGATGAG)N	45	45	45	45	NA	NA	NA	NA	NA
Other	Simple_repeat	(AGATGCATTC)N	53	53	53	53	NA	NA	NA	NA	NA
Other	Simple_repeat	(AGC)N	56	56	56	56	NA	NA	NA	NA	NA
Other	Simple_repeat	(AGCCACCAA)N	37	37	37	37	NA	NA	NA	NA	NA
Other	Simple_repeat	(AGG)N	44	22	19	25	4.24	NA	NA	NA	NA
Other	Simple_repeat	(AGGGTT)N	76	38	32	44	8.49	NA	NA	NA	NA
Other	Simple_repeat	(AGT)N	261	261	261	261	NA	NA	NA	NA	NA
Other	Simple_repeat	(AGTAC)N	170	85	59	111	36.77	NA	NA	NA	NA
Other	Simple_repeat	(AGTAT)N	1995	498.75	254	630	166.93	NA	NA	NA	NA
Other	Simple_repeat	(AGTATAT)N	59	59	59	59	NA	NA	NA	NA	NA
Other	Simple_repeat	(AGTATATATT)N	41	41	41	41	NA	NA	NA	NA	NA
Other	Simple_repeat	(AGTATT)N	89	89	89	89	NA	NA	NA	NA	NA
Other	Simple_repeat	(AGTCATTG)N	39	39	39	39	NA	NA	NA	NA	NA
Other	Simple_repeat	(AGTG)N	201	201	201	201	NA	NA	NA	NA	NA
Other	Simple_repeat	(AGTGAA)N	49	49	49	49	NA	NA	NA	NA	NA
Other	Simple_repeat	(AGTGT)N	108	108	108	108	NA	NA	NA	NA	NA
Other	Simple_repeat	(AGTGTAG)N	58	58	58	58	NA	NA	NA	NA	NA
Other	Simple_repeat	(AGTTGA)N	33	33	33	33	NA	NA	NA	NA	NA
Other	Simple_repeat	(AT)N	38427	104.71	20	809	74.9	NA	NA	NA	NA
Other	Simple_repeat	(ATA)N	739	29.56	18	48	7.52	NA	NA	NA	NA
Other	Simple_repeat	(ATAA)N	419	46.56	16	83	21.93	NA	NA	NA	NA
Other	Simple_repeat	(ATAAAGCGTT)N	58	58	58	58	NA	NA	NA	NA	NA
Other	Simple_repeat	(ATAAAT)N	128	42.67	33	56	11.93	NA	NA	NA	NA
Other	Simple_repeat	(ATAAC)N	145	48.33	35	66	15.95	NA	NA	NA	NA
Other	Simple_repeat	(ATAACC)N	100	100	100	100	NA	NA	NA	NA	NA
Other	Simple_repeat	(ATAAT)N	1981	220.11	85	320	77.17	NA	NA	NA	NA
Other	Simple_repeat	(ATAATC)N	35	35	35	35	NA	NA	NA	NA	NA
Other	Simple_repeat	(ATAATG)N	6	6	6	6	NA	NA	NA	NA	NA
Other	Simple_repeat	(ATAATTG)N	71	71	71	71	NA	NA	NA	NA	NA
Other	Simple_repeat	(ATAC)N	817	43	25	81	16.78	NA	NA	NA	NA
Other	Simple_repeat	(ATACAAT)N	49	49	49	49	NA	NA	NA	NA	NA
Other	Simple_repeat	(ATACATAC)N	46	46	46	46	NA	NA	NA	NA	NA
Other	Simple_repeat	(ATACC)N	34	34	34	34	NA	NA	NA	NA	NA
Other	Simple_repeat	(ATACCATATA)N	47	47	47	47	NA	NA	NA	NA	NA
Other	Simple_repeat	(ATACT)N	1105	552.5	28	1077	741.76	NA	NA	NA	NA
Other	Simple_repeat	(ATACTAT)N	34	34	34	34	NA	NA	NA	NA	NA
Other	Simple_repeat	(ATAG)N	46	46	46	46	NA	NA	NA	NA	NA
Other	Simple_repeat	(ATAGAA)N	255	85	25	184	86.38	NA	NA	NA	NA
Other	Simple_repeat	(ATAGAGATAG)N	43	43	43	43	NA	NA	NA	NA	NA
Other	Simple_repeat	(ATAGCC)N	53	53	53	53	NA	NA	NA	NA	NA
Other	Simple_repeat	(ATAGG)N	48	48	48	48	NA	NA	NA	NA	NA
Other	Simple_repeat	(ATAGT)N	773	773	773	773	NA	NA	NA	NA	NA
Other	Simple_repeat	(ATAGTAA)N	43	43	43	43	NA	NA	NA	NA	NA
Other	Simple_repeat	(ATAGTTG)N	42	42	42	42	NA	NA	NA	NA	NA
Other	Simple_repeat	(ATAT)N	2149	119.39	30	218	50.86	NA	NA	NA	NA
Other	Simple_repeat	(ATATA)N	1714	155.82	30	281	87.88	NA	NA	NA	NA
Other	Simple_repeat	(ATATAGA)N	39	39	39	39	NA	NA	NA	NA	NA
Other	Simple_repeat	(ATATAT)N	1197	119.7	56	191	42.44	NA	NA	NA	NA
Other	Simple_repeat	(ATATATT)N	72	72	72	72	NA	NA	NA	NA	NA
Other	Simple_repeat	(ATATC)N	2093	418.6	30	1884	819.47	NA	NA	NA	NA
Other	Simple_repeat	(ATATG)N	2645	264.5	57	758	252.41	NA	NA	NA	NA
Other	Simple_repeat	(ATATGA)N	46	46	46	46	NA	NA	NA	NA	NA
Other	Simple_repeat	(ATATGC)N	66	66	66	66	NA	NA	NA	NA	NA
Other	Simple_repeat	(ATATGCAAT)N	71	71	71	71	NA	NA	NA	NA	NA
Other	Simple_repeat	(ATATGT)N	25	25	25	25	NA	NA	NA	NA	NA
Other	Simple_repeat	(ATATGTT)N	50	50	50	50	NA	NA	NA	NA	NA
Other	Simple_repeat	(ATATT)N	1211	134.56	48	292	91.47	NA	NA	NA	NA
Other	Simple_repeat	(ATATTATT)N	33	33	33	33	NA	NA	NA	NA	NA
Other	Simple_repeat	(ATATTC)N	67	67	67	67	NA	NA	NA	NA	NA
Other	Simple_repeat	(ATATTCA)N	53	53	53	53	NA	NA	NA	NA	NA
Other	Simple_repeat	(ATATTG)N	81	40.5	40	41	0.71	NA	NA	NA	NA
Other	Simple_repeat	(ATATTT)N	69	34.5	34	35	0.71	NA	NA	NA	NA
Other	Simple_repeat	(ATC)N	3342	95.49	17	487	116.05	NA	NA	NA	NA
Other	Simple_repeat	(ATCA)N	1416	141.6	29	348	109.07	NA	NA	NA	NA
Other	Simple_repeat	(ATCAA)N	76	38	33	43	7.07	NA	NA	NA	NA
Other	Simple_repeat	(ATCAC)N	33	33	33	33	NA	NA	NA	NA	NA
Other	Simple_repeat	(ATCACAGTTG)N	51	51	51	51	NA	NA	NA	NA	NA
Other	Simple_repeat	(ATCAT)N	208	52	25	94	29.5	NA	NA	NA	NA
Other	Simple_repeat	(ATCATC)N	34	34	34	34	NA	NA	NA	NA	NA
Other	Simple_repeat	(ATCATCATC)N	215	215	215	215	NA	NA	NA	NA	NA
Other	Simple_repeat	(ATCC)N	77	77	77	77	NA	NA	NA	NA	NA
Other	Simple_repeat	(ATCCG)N	156	78	48	108	42.43	NA	NA	NA	NA
Other	Simple_repeat	(ATCCT)N	133	66.5	65	68	2.12	NA	NA	NA	NA
Other	Simple_repeat	(ATCGCT)N	35	35	35	35	NA	NA	NA	NA	NA
Other	Simple_repeat	(ATCGTTG)N	108	108	108	108	NA	NA	NA	NA	NA
Other	Simple_repeat	(ATCT)N	138	138	138	138	NA	NA	NA	NA	NA
Other	Simple_repeat	(ATCTGAA)N	37	37	37	37	NA	NA	NA	NA	NA
Other	Simple_repeat	(ATCTGCAAAG)N	111	111	111	111	NA	NA	NA	NA	NA
Other	Simple_repeat	(ATCTTGT)N	43	43	43	43	NA	NA	NA	NA	NA
Other	Simple_repeat	(ATCTTT)N	69	69	69	69	NA	NA	NA	NA	NA
Other	Simple_repeat	(ATG)N	5049	95.26	17	450	91.13	NA	NA	NA	NA
Other	Simple_repeat	(ATGA)N	900	150	11	355	140.8	NA	NA	NA	NA
Other	Simple_repeat	(ATGAA)N	140	35	27	44	8.29	NA	NA	NA	NA
Other	Simple_repeat	(ATGAATT)N	42	42	42	42	NA	NA	NA	NA	NA
Other	Simple_repeat	(ATGAC)N	77	77	77	77	NA	NA	NA	NA	NA
Other	Simple_repeat	(ATGAG)N	28	28	28	28	NA	NA	NA	NA	NA
Other	Simple_repeat	(ATGAGGCAGC)N	77	77	77	77	NA	NA	NA	NA	NA
Other	Simple_repeat	(ATGAT)N	168	42	26	80	25.77	NA	NA	NA	NA
Other	Simple_repeat	(ATGATA)N	68	68	68	68	NA	NA	NA	NA	NA
Other	Simple_repeat	(ATGATG)N	73	36.5	36	37	0.71	NA	NA	NA	NA
Other	Simple_repeat	(ATGATGA)N	46	46	46	46	NA	NA	NA	NA	NA
Other	Simple_repeat	(ATGATGATG)N	499	499	499	499	NA	NA	NA	NA	NA
Other	Simple_repeat	(ATGATTATG)N	56	56	56	56	NA	NA	NA	NA	NA
Other	Simple_repeat	(ATGC)N	74	37	34	40	4.24	NA	NA	NA	NA
Other	Simple_repeat	(ATGCA)N	29	29	29	29	NA	NA	NA	NA	NA
Other	Simple_repeat	(ATGCAT)N	48	48	48	48	NA	NA	NA	NA	NA
Other	Simple_repeat	(ATGCT)N	92	92	92	92	NA	NA	NA	NA	NA
Other	Simple_repeat	(ATGG)N	176	88	69	107	26.87	NA	NA	NA	NA
Other	Simple_repeat	(ATGT)N	501	35.79	21	63	11.31	NA	NA	NA	NA
Other	Simple_repeat	(ATGTCAA)N	33	33	33	33	NA	NA	NA	NA	NA
Other	Simple_repeat	(ATGTGTCGTA)N	64	64	64	64	NA	NA	NA	NA	NA
Other	Simple_repeat	(ATGTT)N	45	45	45	45	NA	NA	NA	NA	NA
Other	Simple_repeat	(ATGTTCG)N	34	34	34	34	NA	NA	NA	NA	NA
Other	Simple_repeat	(ATT)N	1118	34.94	19	137	21.46	NA	NA	NA	NA
Other	Simple_repeat	(ATTA)N	120	40	35	49	7.81	NA	NA	NA	NA
Other	Simple_repeat	(ATTAA)N	92	46	46	46	0	NA	NA	NA	NA
Other	Simple_repeat	(ATTAACT)N	40	40	40	40	NA	NA	NA	NA	NA
Other	Simple_repeat	(ATTAAT)N	34	34	34	34	NA	NA	NA	NA	NA
Other	Simple_repeat	(ATTAATC)N	36	36	36	36	NA	NA	NA	NA	NA
Other	Simple_repeat	(ATTAATG)N	40	40	40	40	NA	NA	NA	NA	NA
Other	Simple_repeat	(ATTAATTC)N	50	50	50	50	NA	NA	NA	NA	NA
Other	Simple_repeat	(ATTAGAA)N	37	37	37	37	NA	NA	NA	NA	NA
Other	Simple_repeat	(ATTAGT)N	191	95.5	39	152	79.9	NA	NA	NA	NA
Other	Simple_repeat	(ATTAGTG)N	150	150	150	150	NA	NA	NA	NA	NA
Other	Simple_repeat	(ATTAGTGTA)N	36	36	36	36	NA	NA	NA	NA	NA
Other	Simple_repeat	(ATTAT)N	448	112	48	215	72.22	NA	NA	NA	NA
Other	Simple_repeat	(ATTATA)N	92	46	40	52	8.49	NA	NA	NA	NA
Other	Simple_repeat	(ATTATAT)N	52	26	20	32	8.49	NA	NA	NA	NA
Other	Simple_repeat	(ATTATC)N	82	41	33	49	11.31	NA	NA	NA	NA
Other	Simple_repeat	(ATTATGCAC)N	81	81	81	81	NA	NA	NA	NA	NA
Other	Simple_repeat	(ATTATT)N	64	64	64	64	NA	NA	NA	NA	NA
Other	Simple_repeat	(ATTC)N	1761	135.46	35	551	139.97	NA	NA	NA	NA
Other	Simple_repeat	(ATTCA)N	238	47.6	32	64	14.98	NA	NA	NA	NA
Other	Simple_repeat	(ATTCAT)N	30	30	30	30	NA	NA	NA	NA	NA
Other	Simple_repeat	(ATTCATTC)N	103	103	103	103	NA	NA	NA	NA	NA
Other	Simple_repeat	(ATTCTTGT)N	36	36	36	36	NA	NA	NA	NA	NA
Other	Simple_repeat	(ATTG)N	1966	122.88	32	595	155.12	NA	NA	NA	NA
Other	Simple_repeat	(ATTGA)N	306	61.2	39	90	19.25	NA	NA	NA	NA
Other	Simple_repeat	(ATTGAA)N	52	52	52	52	NA	NA	NA	NA	NA
Other	Simple_repeat	(ATTGAGAATT)N	120	120	120	120	NA	NA	NA	NA	NA
Other	Simple_repeat	(ATTGCAT)N	44	44	44	44	NA	NA	NA	NA	NA
Other	Simple_repeat	(ATTGCTC)N	40	40	40	40	NA	NA	NA	NA	NA
Other	Simple_repeat	(ATTGT)N	84	42	31	53	15.56	NA	NA	NA	NA
Other	Simple_repeat	(ATTGTAT)N	39	39	39	39	NA	NA	NA	NA	NA
Other	Simple_repeat	(ATTT)N	600	50	24	173	41.52	NA	NA	NA	NA
Other	Simple_repeat	(ATTTA)N	141	70.5	57	84	19.09	NA	NA	NA	NA
Other	Simple_repeat	(ATTTC)N	159	31.8	28	37	3.96	NA	NA	NA	NA
Other	Simple_repeat	(ATTTCAT)N	48	48	48	48	NA	NA	NA	NA	NA
Other	Simple_repeat	(ATTTCT)N	167	167	167	167	NA	NA	NA	NA	NA
Other	Simple_repeat	(ATTTG)N	150	75	29	121	65.05	NA	NA	NA	NA
Other	Simple_repeat	(ATTTGT)N	57	57	57	57	NA	NA	NA	NA	NA
Other	Simple_repeat	(ATTTT)N	68	34	34	34	0	NA	NA	NA	NA
Other	Simple_repeat	(ATTTTAA)N	38	38	38	38	NA	NA	NA	NA	NA
Other	Simple_repeat	(ATTTTC)N	260	65	50	84	17.15	NA	NA	NA	NA
Other	Simple_repeat	(ATTTTT)N	112	56	44	68	16.97	NA	NA	NA	NA
Other	Simple_repeat	(ATTTTTGA)N	47	47	47	47	NA	NA	NA	NA	NA
Other	Simple_repeat	(C)N	68	22.67	17	28	5.51	NA	NA	NA	NA
Other	Simple_repeat	(CA)N	567	37.8	18	97	22.21	NA	NA	NA	NA
Other	Simple_repeat	(CAA)N	394	35.82	10	107	27.04	NA	NA	NA	NA
Other	Simple_repeat	(CAAAGTT)N	30	30	30	30	NA	NA	NA	NA	NA
Other	Simple_repeat	(CAAATA)N	445	445	445	445	NA	NA	NA	NA	NA
Other	Simple_repeat	(CAACA)N	45	45	45	45	NA	NA	NA	NA	NA
Other	Simple_repeat	(CAACAC)N	35	35	35	35	NA	NA	NA	NA	NA
Other	Simple_repeat	(CAACGGA)N	37	37	37	37	NA	NA	NA	NA	NA
Other	Simple_repeat	(CAAT)N	862	86.2	38	322	84.99	NA	NA	NA	NA
Other	Simple_repeat	(CAATA)N	95	47.5	45	50	3.54	NA	NA	NA	NA
Other	Simple_repeat	(CAATCAAAAG)N	46	46	46	46	NA	NA	NA	NA	NA
Other	Simple_repeat	(CAATCGTAAG)N	55	55	55	55	NA	NA	NA	NA	NA
Other	Simple_repeat	(CAATCTC)N	44	44	44	44	NA	NA	NA	NA	NA
Other	Simple_repeat	(CAATGCA)N	150	150	150	150	NA	NA	NA	NA	NA
Other	Simple_repeat	(CAATT)N	56	28	28	28	0	NA	NA	NA	NA
Other	Simple_repeat	(CAC)N	279	69.75	30	122	42.43	NA	NA	NA	NA
Other	Simple_repeat	(CACA)N	25	25	25	25	NA	NA	NA	NA	NA
Other	Simple_repeat	(CACAA)N	360	360	360	360	NA	NA	NA	NA	NA
Other	Simple_repeat	(CACACC)N	36	36	36	36	NA	NA	NA	NA	NA
Other	Simple_repeat	(CACCAA)N	8	8	8	8	NA	NA	NA	NA	NA
Other	Simple_repeat	(CACCAC)N	47	47	47	47	NA	NA	NA	NA	NA
Other	Simple_repeat	(CACT)N	292	146	27	265	168.29	NA	NA	NA	NA
Other	Simple_repeat	(CAG)N	27	27	27	27	NA	NA	NA	NA	NA
Other	Simple_repeat	(CAGAATG)N	44	44	44	44	NA	NA	NA	NA	NA
Other	Simple_repeat	(CAGAG)N	460	460	460	460	NA	NA	NA	NA	NA
Other	Simple_repeat	(CAGCAAT)N	42	42	42	42	NA	NA	NA	NA	NA
Other	Simple_repeat	(CAGGAG)N	78	39	36	42	4.24	NA	NA	NA	NA
Other	Simple_repeat	(CAGT)N	108	54	48	60	8.49	NA	NA	NA	NA
Other	Simple_repeat	(CAGTA)N	97	97	97	97	NA	NA	NA	NA	NA
Other	Simple_repeat	(CAT)N	4728	105.07	12	472	104.14	NA	NA	NA	NA
Other	Simple_repeat	(CATA)N	323	40.38	25	50	9.66	NA	NA	NA	NA
Other	Simple_repeat	(CATAA)N	47	47	47	47	NA	NA	NA	NA	NA
Other	Simple_repeat	(CATAAG)N	74	74	74	74	NA	NA	NA	NA	NA
Other	Simple_repeat	(CATAC)N	133	133	133	133	NA	NA	NA	NA	NA
Other	Simple_repeat	(CATACTT)N	49	49	49	49	NA	NA	NA	NA	NA
Other	Simple_repeat	(CATAT)N	732	244	85	561	274.53	NA	NA	NA	NA
Other	Simple_repeat	(CATATA)N	49	49	49	49	NA	NA	NA	NA	NA
Other	Simple_repeat	(CATATG)N	101	50.5	30	71	28.99	NA	NA	NA	NA
Other	Simple_repeat	(CATCAT)N	439	219.5	49	390	241.12	NA	NA	NA	NA
Other	Simple_repeat	(CATCATCAC)N	61	61	61	61	NA	NA	NA	NA	NA
Other	Simple_repeat	(CATCGGT)N	47	47	47	47	NA	NA	NA	NA	NA
Other	Simple_repeat	(CATCTC)N	57	57	57	57	NA	NA	NA	NA	NA
Other	Simple_repeat	(CATGCTT)N	36	36	36	36	NA	NA	NA	NA	NA
Other	Simple_repeat	(CATGGGGTGG)N	42	42	42	42	NA	NA	NA	NA	NA
Other	Simple_repeat	(CATT)N	400	80	34	220	78.57	NA	NA	NA	NA
Other	Simple_repeat	(CATTCTG)N	37	37	37	37	NA	NA	NA	NA	NA
Other	Simple_repeat	(CATTG)N	50	50	50	50	NA	NA	NA	NA	NA
Other	Simple_repeat	(CATTGGCAT)N	37	37	37	37	NA	NA	NA	NA	NA
Other	Simple_repeat	(CATTT)N	207	41.4	28	61	12.74	NA	NA	NA	NA
Other	Simple_repeat	(CATTTA)N	64	64	64	64	NA	NA	NA	NA	NA
Other	Simple_repeat	(CATTTT)N	71	35.5	35	36	0.71	NA	NA	NA	NA
Other	Simple_repeat	(CCA)N	310	62	43	111	28.37	NA	NA	NA	NA
Other	Simple_repeat	(CCAA)N	44	44	44	44	NA	NA	NA	NA	NA
Other	Simple_repeat	(CCAATCA)N	66	66	66	66	NA	NA	NA	NA	NA
Other	Simple_repeat	(CCACCA)N	77	77	77	77	NA	NA	NA	NA	NA
Other	Simple_repeat	(CCACCT)N	53	53	53	53	NA	NA	NA	NA	NA
Other	Simple_repeat	(CCAGCA)N	54	54	54	54	NA	NA	NA	NA	NA
Other	Simple_repeat	(CCAT)N	25	25	25	25	NA	NA	NA	NA	NA
Other	Simple_repeat	(CCATAA)N	41	41	41	41	NA	NA	NA	NA	NA
Other	Simple_repeat	(CCATCATCA)N	45	45	45	45	NA	NA	NA	NA	NA
Other	Simple_repeat	(CCATCT)N	68	68	68	68	NA	NA	NA	NA	NA
Other	Simple_repeat	(CCCCCTT)N	36	36	36	36	NA	NA	NA	NA	NA
Other	Simple_repeat	(CCCT)N	97	48.5	34	63	20.51	NA	NA	NA	NA
Other	Simple_repeat	(CCCTGATTTT)N	42	42	42	42	NA	NA	NA	NA	NA
Other	Simple_repeat	(CCGGAG)N	273	68.25	30	107	31.44	NA	NA	NA	NA
Other	Simple_repeat	(CCT)N	23	23	23	23	NA	NA	NA	NA	NA
Other	Simple_repeat	(CCTA)N	76	76	76	76	NA	NA	NA	NA	NA
Other	Simple_repeat	(CCTAAC)N	60	60	60	60	NA	NA	NA	NA	NA
Other	Simple_repeat	(CCTAC)N	39	39	39	39	NA	NA	NA	NA	NA
Other	Simple_repeat	(CCTAT)N	110	110	110	110	NA	NA	NA	NA	NA
Other	Simple_repeat	(CCTCTCACTG)N	64	64	64	64	NA	NA	NA	NA	NA
Other	Simple_repeat	(CCTTTAT)N	43	43	43	43	NA	NA	NA	NA	NA
Other	Simple_repeat	(CCTTTT)N	43	43	43	43	NA	NA	NA	NA	NA
Other	Simple_repeat	(CGA)N	24	24	24	24	NA	NA	NA	NA	NA
Other	Simple_repeat	(CGAAGT)N	42	42	42	42	NA	NA	NA	NA	NA
Other	Simple_repeat	(CGATCAT)N	37	37	37	37	NA	NA	NA	NA	NA
Other	Simple_repeat	(CGG)N	19	19	19	19	NA	NA	NA	NA	NA
Other	Simple_repeat	(CGGCGTGG)N	56	56	56	56	NA	NA	NA	NA	NA
Other	Simple_repeat	(CGTTC)N	96	48	48	48	0	NA	NA	NA	NA
Other	Simple_repeat	(CT)N	519	39.92	19	81	17.5	NA	NA	NA	NA
Other	Simple_repeat	(CTA)N	33	33	33	33	NA	NA	NA	NA	NA
Other	Simple_repeat	(CTAA)N	96	96	96	96	NA	NA	NA	NA	NA
Other	Simple_repeat	(CTAATA)N	38	38	38	38	NA	NA	NA	NA	NA
Other	Simple_repeat	(CTAATAG)N	39	39	39	39	NA	NA	NA	NA	NA
Other	Simple_repeat	(CTAC)N	35	35	35	35	NA	NA	NA	NA	NA
Other	Simple_repeat	(CTACG)N	49	49	49	49	NA	NA	NA	NA	NA
Other	Simple_repeat	(CTAT)N	128	64	45	83	26.87	NA	NA	NA	NA
Other	Simple_repeat	(CTATA)N	1535	511.67	40	749	408.48	NA	NA	NA	NA
Other	Simple_repeat	(CTATC)N	119	119	119	119	NA	NA	NA	NA	NA
Other	Simple_repeat	(CTATGA)N	6	6	6	6	NA	NA	NA	NA	NA
Other	Simple_repeat	(CTATGAA)N	78	39	30	48	12.73	NA	NA	NA	NA
Other	Simple_repeat	(CTATTTT)N	33	33	33	33	NA	NA	NA	NA	NA
Other	Simple_repeat	(CTC)N	27	27	27	27	NA	NA	NA	NA	NA
Other	Simple_repeat	(CTCA)N	384	128	37	217	90.02	NA	NA	NA	NA
Other	Simple_repeat	(CTCC)N	129	32.25	24	44	9.18	NA	NA	NA	NA
Other	Simple_repeat	(CTCCCT)N	11	11	11	11	NA	NA	NA	NA	NA
Other	Simple_repeat	(CTCCGG)N	179	89.5	68	111	30.41	NA	NA	NA	NA
Other	Simple_repeat	(CTCCTG)N	42	42	42	42	NA	NA	NA	NA	NA
Other	Simple_repeat	(CTCT)N	95	47.5	29	66	26.16	NA	NA	NA	NA
Other	Simple_repeat	(CTCTCC)N	120	120	120	120	NA	NA	NA	NA	NA
Other	Simple_repeat	(CTCTCCT)N	157	157	157	157	NA	NA	NA	NA	NA
Other	Simple_repeat	(CTG)N	34	34	34	34	NA	NA	NA	NA	NA
Other	Simple_repeat	(CTGA)N	77	38.5	27	50	16.26	NA	NA	NA	NA
Other	Simple_repeat	(CTGAAACTTG)N	45	45	45	45	NA	NA	NA	NA	NA
Other	Simple_repeat	(CTGATT)N	68	68	68	68	NA	NA	NA	NA	NA
Other	Simple_repeat	(CTGT)N	807	161.4	24	476	191.72	NA	NA	NA	NA
Other	Simple_repeat	(CTT)N	233	29.12	17	43	9.28	NA	NA	NA	NA
Other	Simple_repeat	(CTTA)N	26	26	26	26	NA	NA	NA	NA	NA
Other	Simple_repeat	(CTTAGT)N	43	43	43	43	NA	NA	NA	NA	NA
Other	Simple_repeat	(CTTCT)N	17	17	17	17	NA	NA	NA	NA	NA
Other	Simple_repeat	(CTTT)N	277	138.5	25	252	160.51	NA	NA	NA	NA
Other	Simple_repeat	(CTTTC)N	104	52	45	59	9.9	NA	NA	NA	NA
Other	Simple_repeat	(CTTTCT)N	37	37	37	37	NA	NA	NA	NA	NA
Other	Simple_repeat	(CTTTT)N	89	44.5	30	59	20.51	NA	NA	NA	NA
Other	Simple_repeat	(CTTTTCT)N	167	167	167	167	NA	NA	NA	NA	NA
Other	Simple_repeat	(CTTTTG)N	37	37	37	37	NA	NA	NA	NA	NA
Other	Simple_repeat	(G)N	119	19.83	17	24	2.64	NA	NA	NA	NA
Other	Simple_repeat	(GA)N	422	35.17	19	56	11.96	NA	NA	NA	NA
Other	Simple_repeat	(GAA)N	67	33.5	30	37	4.95	NA	NA	NA	NA
Other	Simple_repeat	(GAAA)N	44	44	44	44	NA	NA	NA	NA	NA
Other	Simple_repeat	(GAAAAA)N	32	32	32	32	NA	NA	NA	NA	NA
Other	Simple_repeat	(GAAACCAATA)N	53	53	53	53	NA	NA	NA	NA	NA
Other	Simple_repeat	(GAACA)N	80	40	35	45	7.07	NA	NA	NA	NA
Other	Simple_repeat	(GAACAATA)N	45	45	45	45	NA	NA	NA	NA	NA
Other	Simple_repeat	(GAACT)N	64	32	27	37	7.07	NA	NA	NA	NA
Other	Simple_repeat	(GAAGCA)N	66	66	66	66	NA	NA	NA	NA	NA
Other	Simple_repeat	(GAAT)N	773	110.43	27	500	174.17	NA	NA	NA	NA
Other	Simple_repeat	(GAATAA)N	85	42.5	31	54	16.26	NA	NA	NA	NA
Other	Simple_repeat	(GAATAT)N	33	33	33	33	NA	NA	NA	NA	NA
Other	Simple_repeat	(GAATCT)N	37	37	37	37	NA	NA	NA	NA	NA
Other	Simple_repeat	(GAATG)N	85	85	85	85	NA	NA	NA	NA	NA
Other	Simple_repeat	(GAATTAGA)N	42	42	42	42	NA	NA	NA	NA	NA
Other	Simple_repeat	(GAC)N	288	72	27	187	76.82	NA	NA	NA	NA
Other	Simple_repeat	(GACA)N	31	31	31	31	NA	NA	NA	NA	NA
Other	Simple_repeat	(GACAA)N	28	28	28	28	NA	NA	NA	NA	NA
Other	Simple_repeat	(GACCGAT)N	32	32	32	32	NA	NA	NA	NA	NA
Other	Simple_repeat	(GACCTTT)N	73	73	73	73	NA	NA	NA	NA	NA
Other	Simple_repeat	(GACGTA)N	65	65	65	65	NA	NA	NA	NA	NA
Other	Simple_repeat	(GACTTT)N	35	35	35	35	NA	NA	NA	NA	NA
Other	Simple_repeat	(GAGATA)N	162	162	162	162	NA	NA	NA	NA	NA
Other	Simple_repeat	(GAGCAAT)N	74	74	74	74	NA	NA	NA	NA	NA
Other	Simple_repeat	(GAGTGAGT)N	184	184	184	184	NA	NA	NA	NA	NA
Other	Simple_repeat	(GAGTT)N	38	38	38	38	NA	NA	NA	NA	NA
Other	Simple_repeat	(GAT)N	2931	86.21	23	380	65.7	NA	NA	NA	NA
Other	Simple_repeat	(GATAAT)N	42	42	42	42	NA	NA	NA	NA	NA
Other	Simple_repeat	(GATAT)N	85	42.5	37	48	7.78	NA	NA	NA	NA
Other	Simple_repeat	(GATCTGATCC)N	49	49	49	49	NA	NA	NA	NA	NA
Other	Simple_repeat	(GATGCT)N	70	70	70	70	NA	NA	NA	NA	NA
Other	Simple_repeat	(GATT)N	237	79	31	163	72.99	NA	NA	NA	NA
Other	Simple_repeat	(GATTA)N	52	52	52	52	NA	NA	NA	NA	NA
Other	Simple_repeat	(GATTAT)N	71	71	71	71	NA	NA	NA	NA	NA
Other	Simple_repeat	(GATTC)N	44	44	44	44	NA	NA	NA	NA	NA
Other	Simple_repeat	(GATTGT)N	32	32	32	32	NA	NA	NA	NA	NA
Other	Simple_repeat	(GATTT)N	40	40	40	40	NA	NA	NA	NA	NA
Other	Simple_repeat	(GATTTCTTGT)N	52	52	52	52	NA	NA	NA	NA	NA
Other	Simple_repeat	(GCAC)N	64	32	27	37	7.07	NA	NA	NA	NA
Other	Simple_repeat	(GCACAT)N	45	45	45	45	NA	NA	NA	NA	NA
Other	Simple_repeat	(GCACCGAGCT)N	98	98	98	98	NA	NA	NA	NA	NA
Other	Simple_repeat	(GCAGGTA)N	42	42	42	42	NA	NA	NA	NA	NA
Other	Simple_repeat	(GCAT)N	51	51	51	51	NA	NA	NA	NA	NA
Other	Simple_repeat	(GCATCGT)N	54	54	54	54	NA	NA	NA	NA	NA
Other	Simple_repeat	(GCT)N	17	17	17	17	NA	NA	NA	NA	NA
Other	Simple_repeat	(GCTA)N	38	38	38	38	NA	NA	NA	NA	NA
Other	Simple_repeat	(GCTGCA)N	75	75	75	75	NA	NA	NA	NA	NA
Other	Simple_repeat	(GCTGTT)N	62	62	62	62	NA	NA	NA	NA	NA
Other	Simple_repeat	(GGA)N	19	19	19	19	NA	NA	NA	NA	NA
Other	Simple_repeat	(GGAAC)N	31	31	31	31	NA	NA	NA	NA	NA
Other	Simple_repeat	(GGACTAGA)N	34	34	34	34	NA	NA	NA	NA	NA
Other	Simple_repeat	(GGAG)N	21	21	21	21	NA	NA	NA	NA	NA
Other	Simple_repeat	(GGAT)N	96	96	96	96	NA	NA	NA	NA	NA
Other	Simple_repeat	(GGATAT)N	51	51	51	51	NA	NA	NA	NA	NA
Other	Simple_repeat	(GGATCTT)N	43	43	43	43	NA	NA	NA	NA	NA
Other	Simple_repeat	(GGCA)N	170	170	170	170	NA	NA	NA	NA	NA
Other	Simple_repeat	(GGCTAG)N	32	32	32	32	NA	NA	NA	NA	NA
Other	Simple_repeat	(GGCTTTA)N	40	40	40	40	NA	NA	NA	NA	NA
Other	Simple_repeat	(GGGA)N	30	30	30	30	NA	NA	NA	NA	NA
Other	Simple_repeat	(GGGAA)N	25	25	25	25	NA	NA	NA	NA	NA
Other	Simple_repeat	(GGGGTG)N	46	46	46	46	NA	NA	NA	NA	NA
Other	Simple_repeat	(GGT)N	232	46.4	20	79	22.01	NA	NA	NA	NA
Other	Simple_repeat	(GGTA)N	183	183	183	183	NA	NA	NA	NA	NA
Other	Simple_repeat	(GGTAA)N	26	26	26	26	NA	NA	NA	NA	NA
Other	Simple_repeat	(GGTCA)N	26	26	26	26	NA	NA	NA	NA	NA
Other	Simple_repeat	(GGTGCT)N	114	114	114	114	NA	NA	NA	NA	NA
Other	Simple_repeat	(GGTGGA)N	47	47	47	47	NA	NA	NA	NA	NA
Other	Simple_repeat	(GGTGGT)N	101	101	101	101	NA	NA	NA	NA	NA
Other	Simple_repeat	(GT)N	426	42.6	20	94	22.09	NA	NA	NA	NA
Other	Simple_repeat	(GTA)N	114	57	33	81	33.94	NA	NA	NA	NA
Other	Simple_repeat	(GTAATG)N	41	41	41	41	NA	NA	NA	NA	NA
Other	Simple_repeat	(GTACA)N	29	29	29	29	NA	NA	NA	NA	NA
Other	Simple_repeat	(GTACTT)N	44	44	44	44	NA	NA	NA	NA	NA
Other	Simple_repeat	(GTAG)N	30	30	30	30	NA	NA	NA	NA	NA
Other	Simple_repeat	(GTAGA)N	477	477	477	477	NA	NA	NA	NA	NA
Other	Simple_repeat	(GTAGTA)N	371	371	371	371	NA	NA	NA	NA	NA
Other	Simple_repeat	(GTAT)N	477	39.75	24	63	13.27	NA	NA	NA	NA
Other	Simple_repeat	(GTATATCCTT)N	46	46	46	46	NA	NA	NA	NA	NA
Other	Simple_repeat	(GTATCAAA)N	66	66	66	66	NA	NA	NA	NA	NA
Other	Simple_repeat	(GTATTAT)N	139	46.33	32	69	19.86	NA	NA	NA	NA
Other	Simple_repeat	(GTCAGC)N	35	35	35	35	NA	NA	NA	NA	NA
Other	Simple_repeat	(GTCT)N	83	41.5	26	57	21.92	NA	NA	NA	NA
Other	Simple_repeat	(GTG)N	67	22.33	18	25	3.79	NA	NA	NA	NA
Other	Simple_repeat	(GTGA)N	508	169.33	63	342	150.87	NA	NA	NA	NA
Other	Simple_repeat	(GTGATA)N	36	36	36	36	NA	NA	NA	NA	NA
Other	Simple_repeat	(GTGGG)N	56	56	56	56	NA	NA	NA	NA	NA
Other	Simple_repeat	(GTGT)N	43	43	43	43	NA	NA	NA	NA	NA
Other	Simple_repeat	(GTGTCACCT)N	39	39	39	39	NA	NA	NA	NA	NA
Other	Simple_repeat	(GTGTGC)N	53	53	53	53	NA	NA	NA	NA	NA
Other	Simple_repeat	(GTT)N	152	25.33	17	38	8.04	NA	NA	NA	NA
Other	Simple_repeat	(GTTA)N	170	85	50	120	49.5	NA	NA	NA	NA
Other	Simple_repeat	(GTTAA)N	25	25	25	25	NA	NA	NA	NA	NA
Other	Simple_repeat	(GTTAAG)N	34	34	34	34	NA	NA	NA	NA	NA
Other	Simple_repeat	(GTTAGTT)N	43	43	43	43	NA	NA	NA	NA	NA
Other	Simple_repeat	(GTTAT)N	43	43	43	43	NA	NA	NA	NA	NA
Other	Simple_repeat	(GTTATT)N	45	45	45	45	NA	NA	NA	NA	NA
Other	Simple_repeat	(GTTCA)N	37	37	37	37	NA	NA	NA	NA	NA
Other	Simple_repeat	(GTTCAC)N	71	35.5	33	38	3.54	NA	NA	NA	NA
Other	Simple_repeat	(GTTGT)N	42	42	42	42	NA	NA	NA	NA	NA
Other	Simple_repeat	(GTTTCAGCTC)N	65	65	65	65	NA	NA	NA	NA	NA
Other	Simple_repeat	(GTTTT)N	84	42	40	44	2.83	NA	NA	NA	NA
Other	Simple_repeat	(GTTTTAA)N	53	53	53	53	NA	NA	NA	NA	NA
Other	Simple_repeat	(GTTTTC)N	44	44	44	44	NA	NA	NA	NA	NA
Other	Simple_repeat	(T)N	765	29.42	18	46	6.68	NA	NA	NA	NA
Other	Simple_repeat	(TA)N	37331	115.58	19	612	83.06	NA	NA	NA	NA
Other	Simple_repeat	(TAA)N	756	34.36	18	110	21.02	NA	NA	NA	NA
Other	Simple_repeat	(TAAA)N	191	31.83	24	46	8.93	NA	NA	NA	NA
Other	Simple_repeat	(TAAAA)N	86	86	86	86	NA	NA	NA	NA	NA
Other	Simple_repeat	(TAAAAT)N	35	35	35	35	NA	NA	NA	NA	NA
Other	Simple_repeat	(TAAATAAC)N	32	32	32	32	NA	NA	NA	NA	NA
Other	Simple_repeat	(TAAATGA)N	41	41	41	41	NA	NA	NA	NA	NA
Other	Simple_repeat	(TAACA)N	818	409	55	763	500.63	NA	NA	NA	NA
Other	Simple_repeat	(TAACAG)N	178	59.33	34	93	30.37	NA	NA	NA	NA
Other	Simple_repeat	(TAACG)N	66	33	33	33	0	NA	NA	NA	NA
Other	Simple_repeat	(TAACGA)N	56	56	56	56	NA	NA	NA	NA	NA
Other	Simple_repeat	(TAAGGATTTC)N	54	54	54	54	NA	NA	NA	NA	NA
Other	Simple_repeat	(TAATA)N	1625	232.14	31	444	155.42	NA	NA	NA	NA
Other	Simple_repeat	(TAATAA)N	58	58	58	58	NA	NA	NA	NA	NA
Other	Simple_repeat	(TAATATC)N	39	39	39	39	NA	NA	NA	NA	NA
Other	Simple_repeat	(TAATATG)N	35	35	35	35	NA	NA	NA	NA	NA
Other	Simple_repeat	(TAATC)N	35	35	35	35	NA	NA	NA	NA	NA
Other	Simple_repeat	(TAATG)N	39	39	39	39	NA	NA	NA	NA	NA
Other	Simple_repeat	(TAATGA)N	39	39	39	39	NA	NA	NA	NA	NA
Other	Simple_repeat	(TAATTGA)N	41	41	41	41	NA	NA	NA	NA	NA
Other	Simple_repeat	(TAATTT)N	104	52	38	66	19.8	NA	NA	NA	NA
Other	Simple_repeat	(TAATTTCA)N	47	47	47	47	NA	NA	NA	NA	NA
Other	Simple_repeat	(TAATTTG)N	41	41	41	41	NA	NA	NA	NA	NA
Other	Simple_repeat	(TACA)N	433	54.12	26	105	34.39	NA	NA	NA	NA
Other	Simple_repeat	(TACAA)N	480	480	480	480	NA	NA	NA	NA	NA
Other	Simple_repeat	(TACAG)N	1382	345.5	81	849	354.55	NA	NA	NA	NA
Other	Simple_repeat	(TACAGA)N	56	56	56	56	NA	NA	NA	NA	NA
Other	Simple_repeat	(TACC)N	33	33	33	33	NA	NA	NA	NA	NA
Other	Simple_repeat	(TACCA)N	108	54	42	66	16.97	NA	NA	NA	NA
Other	Simple_repeat	(TACG)N	45	45	45	45	NA	NA	NA	NA	NA
Other	Simple_repeat	(TACGAAT)N	54	54	54	54	NA	NA	NA	NA	NA
Other	Simple_repeat	(TACTA)N	1723	574.33	121	977	430.24	NA	NA	NA	NA
Other	Simple_repeat	(TACTACTG)N	42	42	42	42	NA	NA	NA	NA	NA
Other	Simple_repeat	(TACTG)N	1097	365.67	47	999	548.49	NA	NA	NA	NA
Other	Simple_repeat	(TACTTA)N	36	36	36	36	NA	NA	NA	NA	NA
Other	Simple_repeat	(TAG)N	2150	1075	30	2120	1477.85	NA	NA	NA	NA
Other	Simple_repeat	(TAGA)N	333	166.5	76	257	127.99	NA	NA	NA	NA
Other	Simple_repeat	(TAGAAATA)N	33	33	33	33	NA	NA	NA	NA	NA
Other	Simple_repeat	(TAGAT)N	28	28	28	28	NA	NA	NA	NA	NA
Other	Simple_repeat	(TAGATAA)N	56	56	56	56	NA	NA	NA	NA	NA
Other	Simple_repeat	(TAGATGA)N	69	69	69	69	NA	NA	NA	NA	NA
Other	Simple_repeat	(TAGATGTGA)N	71	71	71	71	NA	NA	NA	NA	NA
Other	Simple_repeat	(TAGATTG)N	36	36	36	36	NA	NA	NA	NA	NA
Other	Simple_repeat	(TAGCAG)N	96	96	96	96	NA	NA	NA	NA	NA
Other	Simple_repeat	(TAGGATG)N	38	38	38	38	NA	NA	NA	NA	NA
Other	Simple_repeat	(TAGT)N	827	827	827	827	NA	NA	NA	NA	NA
Other	Simple_repeat	(TAGTA)N	1117	279.25	59	846	379.22	NA	NA	NA	NA
Other	Simple_repeat	(TAGTG)N	30	30	30	30	NA	NA	NA	NA	NA
Other	Simple_repeat	(TAGTGA)N	49	49	49	49	NA	NA	NA	NA	NA
Other	Simple_repeat	(TAGTTGAA)N	79	79	79	79	NA	NA	NA	NA	NA
Other	Simple_repeat	(TAT)N	943	39.29	18	140	27.14	NA	NA	NA	NA
Other	Simple_repeat	(TATA)N	2223	111.15	31	241	70.94	NA	NA	NA	NA
Other	Simple_repeat	(TATAA)N	2262	174	24	381	132.66	NA	NA	NA	NA
Other	Simple_repeat	(TATAAT)N	59	59	59	59	NA	NA	NA	NA	NA
Other	Simple_repeat	(TATAC)N	379	75.8	34	123	32.48	NA	NA	NA	NA
Other	Simple_repeat	(TATACA)N	32	32	32	32	NA	NA	NA	NA	NA
Other	Simple_repeat	(TATACAT)N	54	54	54	54	NA	NA	NA	NA	NA
Other	Simple_repeat	(TATACT)N	44	44	44	44	NA	NA	NA	NA	NA
Other	Simple_repeat	(TATACTT)N	38	38	38	38	NA	NA	NA	NA	NA
Other	Simple_repeat	(TATAG)N	757	151.4	27	358	144.88	NA	NA	NA	NA
Other	Simple_repeat	(TATAT)N	530	106	30	296	108.11	NA	NA	NA	NA
Other	Simple_repeat	(TATATA)N	1700	141.67	41	233	63.93	NA	NA	NA	NA
Other	Simple_repeat	(TATATAA)N	78	78	78	78	NA	NA	NA	NA	NA
Other	Simple_repeat	(TATATATATA)N	236	236	236	236	NA	NA	NA	NA	NA
Other	Simple_repeat	(TATATATG)N	70	70	70	70	NA	NA	NA	NA	NA
Other	Simple_repeat	(TATATCA)N	46	46	46	46	NA	NA	NA	NA	NA
Other	Simple_repeat	(TATATG)N	372	93	38	251	105.35	NA	NA	NA	NA
Other	Simple_repeat	(TATATGCT)N	58	58	58	58	NA	NA	NA	NA	NA
Other	Simple_repeat	(TATATT)N	276	92	37	200	93.54	NA	NA	NA	NA
Other	Simple_repeat	(TATATTT)N	41	41	41	41	NA	NA	NA	NA	NA
Other	Simple_repeat	(TATC)N	40	40	40	40	NA	NA	NA	NA	NA
Other	Simple_repeat	(TATCA)N	574	191.33	30	507	273.4	NA	NA	NA	NA
Other	Simple_repeat	(TATCT)N	27	27	27	27	NA	NA	NA	NA	NA
Other	Simple_repeat	(TATCTAT)N	37	37	37	37	NA	NA	NA	NA	NA
Other	Simple_repeat	(TATCTT)N	53	53	53	53	NA	NA	NA	NA	NA
Other	Simple_repeat	(TATG)N	772	51.47	22	137	31.34	NA	NA	NA	NA
Other	Simple_repeat	(TATGA)N	262	262	262	262	NA	NA	NA	NA	NA
Other	Simple_repeat	(TATGATC)N	179	179	179	179	NA	NA	NA	NA	NA
Other	Simple_repeat	(TATGTA)N	99	99	99	99	NA	NA	NA	NA	NA
Other	Simple_repeat	(TATT)N	579	48.25	24	76	16.15	NA	NA	NA	NA
Other	Simple_repeat	(TATTA)N	682	227.33	29	592	316.22	NA	NA	NA	NA
Other	Simple_repeat	(TATTAC)N	65	65	65	65	NA	NA	NA	NA	NA
Other	Simple_repeat	(TATTCAT)N	42	42	42	42	NA	NA	NA	NA	NA
Other	Simple_repeat	(TATTCTT)N	91	45.5	42	49	4.95	NA	NA	NA	NA
Other	Simple_repeat	(TATTG)N	117	58.5	47	70	16.26	NA	NA	NA	NA
Other	Simple_repeat	(TATTGCAAAT)N	46	46	46	46	NA	NA	NA	NA	NA
Other	Simple_repeat	(TATTGTG)N	41	41	41	41	NA	NA	NA	NA	NA
Other	Simple_repeat	(TATTT)N	193	64.33	44	84	20.01	NA	NA	NA	NA
Other	Simple_repeat	(TATTTA)N	47	47	47	47	NA	NA	NA	NA	NA
Other	Simple_repeat	(TATTTACC)N	43	43	43	43	NA	NA	NA	NA	NA
Other	Simple_repeat	(TATTTC)N	50	50	50	50	NA	NA	NA	NA	NA
Other	Simple_repeat	(TATTTG)N	44	44	44	44	NA	NA	NA	NA	NA
Other	Simple_repeat	(TATTTGC)N	35	35	35	35	NA	NA	NA	NA	NA
Other	Simple_repeat	(TATTTT)N	39	39	39	39	NA	NA	NA	NA	NA
Other	Simple_repeat	(TATTTTG)N	40	40	40	40	NA	NA	NA	NA	NA
Other	Simple_repeat	(TC)N	216	30.86	19	52	11.29	NA	NA	NA	NA
Other	Simple_repeat	(TCA)N	2805	82.5	18	442	106.9	NA	NA	NA	NA
Other	Simple_repeat	(TCAA)N	1176	117.6	44	399	109.34	NA	NA	NA	NA
Other	Simple_repeat	(TCAAC)N	34	34	34	34	NA	NA	NA	NA	NA
Other	Simple_repeat	(TCAAT)N	50	50	50	50	NA	NA	NA	NA	NA
Other	Simple_repeat	(TCAC)N	217	72.33	45	115	37.43	NA	NA	NA	NA
Other	Simple_repeat	(TCACCAA)N	32	32	32	32	NA	NA	NA	NA	NA
Other	Simple_repeat	(TCACTA)N	111	111	111	111	NA	NA	NA	NA	NA
Other	Simple_repeat	(TCACTT)N	36	36	36	36	NA	NA	NA	NA	NA
Other	Simple_repeat	(TCAG)N	54	54	54	54	NA	NA	NA	NA	NA
Other	Simple_repeat	(TCAGAA)N	43	43	43	43	NA	NA	NA	NA	NA
Other	Simple_repeat	(TCAGCA)N	35	35	35	35	NA	NA	NA	NA	NA
Other	Simple_repeat	(TCAGCTA)N	38	38	38	38	NA	NA	NA	NA	NA
Other	Simple_repeat	(TCAT)N	1635	136.25	42	323	110.39	NA	NA	NA	NA
Other	Simple_repeat	(TCATA)N	760	253.33	38	366	186.55	NA	NA	NA	NA
Other	Simple_repeat	(TCATAACGA)N	50	50	50	50	NA	NA	NA	NA	NA
Other	Simple_repeat	(TCATAATCA)N	52	52	52	52	NA	NA	NA	NA	NA
Other	Simple_repeat	(TCATAT)N	35	35	35	35	NA	NA	NA	NA	NA
Other	Simple_repeat	(TCATCA)N	43	43	43	43	NA	NA	NA	NA	NA
Other	Simple_repeat	(TCATCT)N	102	102	102	102	NA	NA	NA	NA	NA
Other	Simple_repeat	(TCATT)N	57	28.5	26	31	3.54	NA	NA	NA	NA
Other	Simple_repeat	(TCATTT)N	70	35	34	36	1.41	NA	NA	NA	NA
Other	Simple_repeat	(TCCA)N	24	24	24	24	NA	NA	NA	NA	NA
Other	Simple_repeat	(TCCAACAATG)N	42	42	42	42	NA	NA	NA	NA	NA
Other	Simple_repeat	(TCCATG)N	63	63	63	63	NA	NA	NA	NA	NA
Other	Simple_repeat	(TCCC)N	48	24	6	42	25.46	NA	NA	NA	NA
Other	Simple_repeat	(TCCCTGACTT)N	61	61	61	61	NA	NA	NA	NA	NA
Other	Simple_repeat	(TCCTCTG)N	60	60	60	60	NA	NA	NA	NA	NA
Other	Simple_repeat	(TCCTTTC)N	46	46	46	46	NA	NA	NA	NA	NA
Other	Simple_repeat	(TCG)N	74	37	29	45	11.31	NA	NA	NA	NA
Other	Simple_repeat	(TCGACA)N	35	35	35	35	NA	NA	NA	NA	NA
Other	Simple_repeat	(TCGG)N	59	59	59	59	NA	NA	NA	NA	NA
Other	Simple_repeat	(TCGGA)N	73	73	73	73	NA	NA	NA	NA	NA
Other	Simple_repeat	(TCGTTA)N	186	186	186	186	NA	NA	NA	NA	NA
Other	Simple_repeat	(TCT)N	292	41.71	20	86	25.54	NA	NA	NA	NA
Other	Simple_repeat	(TCTA)N	322	107.33	46	185	70.92	NA	NA	NA	NA
Other	Simple_repeat	(TCTAT)N	24	24	24	24	NA	NA	NA	NA	NA
Other	Simple_repeat	(TCTATTA)N	41	41	41	41	NA	NA	NA	NA	NA
Other	Simple_repeat	(TCTATTT)N	60	60	60	60	NA	NA	NA	NA	NA
Other	Simple_repeat	(TCTC)N	313	62.6	14	96	31.9	NA	NA	NA	NA
Other	Simple_repeat	(TCTCAT)N	33	33	33	33	NA	NA	NA	NA	NA
Other	Simple_repeat	(TCTCT)N	145	72.5	31	114	58.69	NA	NA	NA	NA
Other	Simple_repeat	(TCTCTT)N	35	35	35	35	NA	NA	NA	NA	NA
Other	Simple_repeat	(TCTCTTC)N	123	123	123	123	NA	NA	NA	NA	NA
Other	Simple_repeat	(TCTG)N	91	45.5	29	62	23.33	NA	NA	NA	NA
Other	Simple_repeat	(TCTGCAT)N	57	57	57	57	NA	NA	NA	NA	NA
Other	Simple_repeat	(TCTT)N	202	50.5	9	106	41.01	NA	NA	NA	NA
Other	Simple_repeat	(TCTTA)N	74	74	74	74	NA	NA	NA	NA	NA
Other	Simple_repeat	(TCTTC)N	33	33	33	33	NA	NA	NA	NA	NA
Other	Simple_repeat	(TCTTCA)N	40	40	40	40	NA	NA	NA	NA	NA
Other	Simple_repeat	(TCTTCC)N	49	49	49	49	NA	NA	NA	NA	NA
Other	Simple_repeat	(TCTTCGTA)N	44	44	44	44	NA	NA	NA	NA	NA
Other	Simple_repeat	(TCTTCT)N	114	57	46	68	15.56	NA	NA	NA	NA
Other	Simple_repeat	(TCTTCTC)N	8	8	8	8	NA	NA	NA	NA	NA
Other	Simple_repeat	(TCTTGT)N	55	55	55	55	NA	NA	NA	NA	NA
Other	Simple_repeat	(TCTTT)N	67	33.5	33	34	0.71	NA	NA	NA	NA
Other	Simple_repeat	(TCTTTC)N	10	10	10	10	NA	NA	NA	NA	NA
Other	Simple_repeat	(TCTTTCCT)N	58	58	58	58	NA	NA	NA	NA	NA
Other	Simple_repeat	(TCTTTCT)N	59	59	59	59	NA	NA	NA	NA	NA
Other	Simple_repeat	(TCTTTT)N	82	41	39	43	2.83	NA	NA	NA	NA
Other	Simple_repeat	(TCTTTTCT)N	43	43	43	43	NA	NA	NA	NA	NA
Other	Simple_repeat	(TG)N	344	43	18	89	26.74	NA	NA	NA	NA
Other	Simple_repeat	(TGA)N	2512	67.89	22	245	48.62	NA	NA	NA	NA
Other	Simple_repeat	(TGAA)N	1178	168.29	43	496	166.3	NA	NA	NA	NA
Other	Simple_repeat	(TGAAA)N	137	27.4	16	39	8.44	NA	NA	NA	NA
Other	Simple_repeat	(TGAAC)N	131	65.5	52	79	19.09	NA	NA	NA	NA
Other	Simple_repeat	(TGAACT)N	34	34	34	34	NA	NA	NA	NA	NA
Other	Simple_repeat	(TGAAGA)N	34	34	34	34	NA	NA	NA	NA	NA
Other	Simple_repeat	(TGAAGCA)N	36	36	36	36	NA	NA	NA	NA	NA
Other	Simple_repeat	(TGAAT)N	255	63.75	37	125	41.24	NA	NA	NA	NA
Other	Simple_repeat	(TGAATT)N	19	19	19	19	NA	NA	NA	NA	NA
Other	Simple_repeat	(TGACA)N	29	29	29	29	NA	NA	NA	NA	NA
Other	Simple_repeat	(TGACTGT)N	42	42	42	42	NA	NA	NA	NA	NA
Other	Simple_repeat	(TGAG)N	665	110.83	25	349	123.34	NA	NA	NA	NA
Other	Simple_repeat	(TGAT)N	817	90.78	39	339	94.65	NA	NA	NA	NA
Other	Simple_repeat	(TGATA)N	630	157.5	26	363	149.85	NA	NA	NA	NA
Other	Simple_repeat	(TGATGA)N	52	52	52	52	NA	NA	NA	NA	NA
Other	Simple_repeat	(TGATT)N	30	30	30	30	NA	NA	NA	NA	NA
Other	Simple_repeat	(TGATTCG)N	35	35	35	35	NA	NA	NA	NA	NA
Other	Simple_repeat	(TGATTTGAT)N	38	38	38	38	NA	NA	NA	NA	NA
Other	Simple_repeat	(TGCAT)N	35	35	35	35	NA	NA	NA	NA	NA
Other	Simple_repeat	(TGCGCGG)N	49	49	49	49	NA	NA	NA	NA	NA
Other	Simple_repeat	(TGCTCTT)N	60	60	60	60	NA	NA	NA	NA	NA
Other	Simple_repeat	(TGCTTC)N	42	42	42	42	NA	NA	NA	NA	NA
Other	Simple_repeat	(TGG)N	181	90.5	71	110	27.58	NA	NA	NA	NA
Other	Simple_repeat	(TGGAAGA)N	93	93	93	93	NA	NA	NA	NA	NA
Other	Simple_repeat	(TGGGG)N	27	27	27	27	NA	NA	NA	NA	NA
Other	Simple_repeat	(TGGTATT)N	40	40	40	40	NA	NA	NA	NA	NA
Other	Simple_repeat	(TGGTCCA)N	53	53	53	53	NA	NA	NA	NA	NA
Other	Simple_repeat	(TGGTTGA)N	45	45	45	45	NA	NA	NA	NA	NA
Other	Simple_repeat	(TGT)N	449	37.42	17	60	13.39	NA	NA	NA	NA
Other	Simple_repeat	(TGTA)N	383	38.3	24	60	11.71	NA	NA	NA	NA
Other	Simple_repeat	(TGTAA)N	68	34	34	34	0	NA	NA	NA	NA
Other	Simple_repeat	(TGTAATA)N	50	50	50	50	NA	NA	NA	NA	NA
Other	Simple_repeat	(TGTAC)N	233	116.5	115	118	2.12	NA	NA	NA	NA
Other	Simple_repeat	(TGTAGA)N	35	35	35	35	NA	NA	NA	NA	NA
Other	Simple_repeat	(TGTAT)N	69	69	69	69	NA	NA	NA	NA	NA
Other	Simple_repeat	(TGTC)N	27	27	27	27	NA	NA	NA	NA	NA
Other	Simple_repeat	(TGTCAC)N	37	37	37	37	NA	NA	NA	NA	NA
Other	Simple_repeat	(TGTCGAGCGT)N	67	67	67	67	NA	NA	NA	NA	NA
Other	Simple_repeat	(TGTCGTA)N	34	34	34	34	NA	NA	NA	NA	NA
Other	Simple_repeat	(TGTG)N	120	40	28	53	12.53	NA	NA	NA	NA
Other	Simple_repeat	(TGTGCA)N	70	70	70	70	NA	NA	NA	NA	NA
Other	Simple_repeat	(TGTGG)N	359	359	359	359	NA	NA	NA	NA	NA
Other	Simple_repeat	(TGTGTA)N	125	125	125	125	NA	NA	NA	NA	NA
Other	Simple_repeat	(TGTTA)N	110	55	55	55	0	NA	NA	NA	NA
Other	Simple_repeat	(TGTTGA)N	41	41	41	41	NA	NA	NA	NA	NA
Other	Simple_repeat	(TGTTGAGCGA)N	47	47	47	47	NA	NA	NA	NA	NA
Other	Simple_repeat	(TGTTGC)N	32	32	32	32	NA	NA	NA	NA	NA
Other	Simple_repeat	(TGTTTG)N	46	46	46	46	NA	NA	NA	NA	NA
Other	Simple_repeat	(TGTTTTC)N	46	46	46	46	NA	NA	NA	NA	NA
Other	Simple_repeat	(TTA)N	645	33.95	17	65	13.48	NA	NA	NA	NA
Other	Simple_repeat	(TTAA)N	154	38.5	26	52	13.92	NA	NA	NA	NA
Other	Simple_repeat	(TTAACA)N	32	32	32	32	NA	NA	NA	NA	NA
Other	Simple_repeat	(TTAACAC)N	58	58	58	58	NA	NA	NA	NA	NA
Other	Simple_repeat	(TTAATT)N	160	160	160	160	NA	NA	NA	NA	NA
Other	Simple_repeat	(TTAATTA)N	65	65	65	65	NA	NA	NA	NA	NA
Other	Simple_repeat	(TTAC)N	53	53	53	53	NA	NA	NA	NA	NA
Other	Simple_repeat	(TTACG)N	31	31	31	31	NA	NA	NA	NA	NA
Other	Simple_repeat	(TTACGGT)N	51	51	51	51	NA	NA	NA	NA	NA
Other	Simple_repeat	(TTACT)N	39	39	39	39	NA	NA	NA	NA	NA
Other	Simple_repeat	(TTAG)N	47	47	47	47	NA	NA	NA	NA	NA
Other	Simple_repeat	(TTAGA)N	64	64	64	64	NA	NA	NA	NA	NA
Other	Simple_repeat	(TTAGAAT)N	44	44	44	44	NA	NA	NA	NA	NA
Other	Simple_repeat	(TTAGGTT)N	33	33	33	33	NA	NA	NA	NA	NA
Other	Simple_repeat	(TTAGTA)N	40	40	40	40	NA	NA	NA	NA	NA
Other	Simple_repeat	(TTAT)N	414	41.4	20	77	20.19	NA	NA	NA	NA
Other	Simple_repeat	(TTATA)N	1075	179.17	24	390	159.81	NA	NA	NA	NA
Other	Simple_repeat	(TTATAC)N	54	54	54	54	NA	NA	NA	NA	NA
Other	Simple_repeat	(TTATAT)N	113	56.5	48	65	12.02	NA	NA	NA	NA
Other	Simple_repeat	(TTATATG)N	50	50	50	50	NA	NA	NA	NA	NA
Other	Simple_repeat	(TTATCA)N	21	21	21	21	NA	NA	NA	NA	NA
Other	Simple_repeat	(TTATCGA)N	37	37	37	37	NA	NA	NA	NA	NA
Other	Simple_repeat	(TTATG)N	36	36	36	36	NA	NA	NA	NA	NA
Other	Simple_repeat	(TTATGA)N	255	63.75	38	97	26.68	NA	NA	NA	NA
Other	Simple_repeat	(TTATGC)N	84	84	84	84	NA	NA	NA	NA	NA
Other	Simple_repeat	(TTATT)N	71	71	71	71	NA	NA	NA	NA	NA
Other	Simple_repeat	(TTATTAA)N	39	39	39	39	NA	NA	NA	NA	NA
Other	Simple_repeat	(TTATTC)N	21	21	21	21	NA	NA	NA	NA	NA
Other	Simple_repeat	(TTATTCA)N	338	84.5	40	165	58.08	NA	NA	NA	NA
Other	Simple_repeat	(TTATTGTG)N	28	28	28	28	NA	NA	NA	NA	NA
Other	Simple_repeat	(TTATTT)N	80	40	32	48	11.31	NA	NA	NA	NA
Other	Simple_repeat	(TTC)N	100	33.33	17	46	14.84	NA	NA	NA	NA
Other	Simple_repeat	(TTCA)N	1088	90.67	25	386	102.7	NA	NA	NA	NA
Other	Simple_repeat	(TTCAA)N	38	38	38	38	NA	NA	NA	NA	NA
Other	Simple_repeat	(TTCAAGG)N	33	33	33	33	NA	NA	NA	NA	NA
Other	Simple_repeat	(TTCAATA)N	38	38	38	38	NA	NA	NA	NA	NA
Other	Simple_repeat	(TTCAATT)N	39	39	39	39	NA	NA	NA	NA	NA
Other	Simple_repeat	(TTCACG)N	43	43	43	43	NA	NA	NA	NA	NA
Other	Simple_repeat	(TTCACT)N	60	60	60	60	NA	NA	NA	NA	NA
Other	Simple_repeat	(TTCAT)N	88	29.33	27	33	3.21	NA	NA	NA	NA
Other	Simple_repeat	(TTCATA)N	49	49	49	49	NA	NA	NA	NA	NA
Other	Simple_repeat	(TTCATAA)N	56	56	56	56	NA	NA	NA	NA	NA
Other	Simple_repeat	(TTCATAT)N	44	44	44	44	NA	NA	NA	NA	NA
Other	Simple_repeat	(TTCATCT)N	37	37	37	37	NA	NA	NA	NA	NA
Other	Simple_repeat	(TTCATG)N	29	29	29	29	NA	NA	NA	NA	NA
Other	Simple_repeat	(TTCCA)N	155	155	155	155	NA	NA	NA	NA	NA
Other	Simple_repeat	(TTCCTTTAA)N	51	51	51	51	NA	NA	NA	NA	NA
Other	Simple_repeat	(TTCGAATAAT)N	78	78	78	78	NA	NA	NA	NA	NA
Other	Simple_repeat	(TTCT)N	326	54.33	29	92	24.95	NA	NA	NA	NA
Other	Simple_repeat	(TTCTA)N	33	33	33	33	NA	NA	NA	NA	NA
Other	Simple_repeat	(TTCTAC)N	50	50	50	50	NA	NA	NA	NA	NA
Other	Simple_repeat	(TTCTC)N	120	120	120	120	NA	NA	NA	NA	NA
Other	Simple_repeat	(TTCTCTT)N	39	39	39	39	NA	NA	NA	NA	NA
Other	Simple_repeat	(TTCTGC)N	117	117	117	117	NA	NA	NA	NA	NA
Other	Simple_repeat	(TTCTT)N	98	32.67	28	35	4.04	NA	NA	NA	NA
Other	Simple_repeat	(TTCTTA)N	55	55	55	55	NA	NA	NA	NA	NA
Other	Simple_repeat	(TTG)N	756	42	17	100	21.99	NA	NA	NA	NA
Other	Simple_repeat	(TTGA)N	1216	121.6	22	414	122.51	NA	NA	NA	NA
Other	Simple_repeat	(TTGAA)N	237	47.4	30	68	14.1	NA	NA	NA	NA
Other	Simple_repeat	(TTGAAT)N	49	49	49	49	NA	NA	NA	NA	NA
Other	Simple_repeat	(TTGAATA)N	37	37	37	37	NA	NA	NA	NA	NA
Other	Simple_repeat	(TTGACA)N	37	37	37	37	NA	NA	NA	NA	NA
Other	Simple_repeat	(TTGACTT)N	48	48	48	48	NA	NA	NA	NA	NA
Other	Simple_repeat	(TTGAT)N	393	131	54	240	97.04	NA	NA	NA	NA
Other	Simple_repeat	(TTGATGA)N	98	98	98	98	NA	NA	NA	NA	NA
Other	Simple_repeat	(TTGATTGA)N	212	212	212	212	NA	NA	NA	NA	NA
Other	Simple_repeat	(TTGC)N	24	24	24	24	NA	NA	NA	NA	NA
Other	Simple_repeat	(TTGCA)N	49	49	49	49	NA	NA	NA	NA	NA
Other	Simple_repeat	(TTGCTGT)N	47	47	47	47	NA	NA	NA	NA	NA
Other	Simple_repeat	(TTGGA)N	86	43	28	58	21.21	NA	NA	NA	NA
Other	Simple_repeat	(TTGT)N	42	42	42	42	NA	NA	NA	NA	NA
Other	Simple_repeat	(TTGTA)N	57	57	57	57	NA	NA	NA	NA	NA
Other	Simple_repeat	(TTGTAA)N	54	54	54	54	NA	NA	NA	NA	NA
Other	Simple_repeat	(TTGTAAC)N	10	10	10	10	NA	NA	NA	NA	NA
Other	Simple_repeat	(TTGTAG)N	40	40	40	40	NA	NA	NA	NA	NA
Other	Simple_repeat	(TTGTATACCC)N	52	52	52	52	NA	NA	NA	NA	NA
Other	Simple_repeat	(TTGTCA)N	57	57	57	57	NA	NA	NA	NA	NA
Other	Simple_repeat	(TTGTCGAGCG)N	51	51	51	51	NA	NA	NA	NA	NA
Other	Simple_repeat	(TTGTGA)N	27	27	27	27	NA	NA	NA	NA	NA
Other	Simple_repeat	(TTGTGTA)N	77	77	77	77	NA	NA	NA	NA	NA
Other	Simple_repeat	(TTGTTT)N	56	56	56	56	NA	NA	NA	NA	NA
Other	Simple_repeat	(TTGTTTA)N	51	51	51	51	NA	NA	NA	NA	NA
Other	Simple_repeat	(TTTA)N	796	53.07	29	86	21.49	NA	NA	NA	NA
Other	Simple_repeat	(TTTAA)N	79	79	79	79	NA	NA	NA	NA	NA
Other	Simple_repeat	(TTTAATA)N	39	39	39	39	NA	NA	NA	NA	NA
Other	Simple_repeat	(TTTAC)N	54	54	54	54	NA	NA	NA	NA	NA
Other	Simple_repeat	(TTTACA)N	44	44	44	44	NA	NA	NA	NA	NA
Other	Simple_repeat	(TTTACAT)N	74	74	74	74	NA	NA	NA	NA	NA
Other	Simple_repeat	(TTTACTA)N	40	40	40	40	NA	NA	NA	NA	NA
Other	Simple_repeat	(TTTAT)N	100	50	46	54	5.66	NA	NA	NA	NA
Other	Simple_repeat	(TTTATA)N	32	32	32	32	NA	NA	NA	NA	NA
Other	Simple_repeat	(TTTATTT)N	43	43	43	43	NA	NA	NA	NA	NA
Other	Simple_repeat	(TTTC)N	778	111.14	24	266	86.58	NA	NA	NA	NA
Other	Simple_repeat	(TTTCA)N	188	37.6	28	52	10.06	NA	NA	NA	NA
Other	Simple_repeat	(TTTCAA)N	92	46	40	52	8.49	NA	NA	NA	NA
Other	Simple_repeat	(TTTCAAT)N	35	35	35	35	NA	NA	NA	NA	NA
Other	Simple_repeat	(TTTCAT)N	29	29	29	29	NA	NA	NA	NA	NA
Other	Simple_repeat	(TTTCC)N	37	37	37	37	NA	NA	NA	NA	NA
Other	Simple_repeat	(TTTCCTGATT)N	549	549	549	549	NA	NA	NA	NA	NA
Other	Simple_repeat	(TTTCGT)N	116	116	116	116	NA	NA	NA	NA	NA
Other	Simple_repeat	(TTTCT)N	189	47.25	27	76	21.61	NA	NA	NA	NA
Other	Simple_repeat	(TTTCTA)N	46	46	46	46	NA	NA	NA	NA	NA
Other	Simple_repeat	(TTTCTACTCG)N	86	86	86	86	NA	NA	NA	NA	NA
Other	Simple_repeat	(TTTCTC)N	72	36	35	37	1.41	NA	NA	NA	NA
Other	Simple_repeat	(TTTCTGT)N	56	56	56	56	NA	NA	NA	NA	NA
Other	Simple_repeat	(TTTCTTCA)N	36	36	36	36	NA	NA	NA	NA	NA
Other	Simple_repeat	(TTTG)N	111	37	27	49	11.14	NA	NA	NA	NA
Other	Simple_repeat	(TTTGA)N	747	83	28	205	68.08	NA	NA	NA	NA
Other	Simple_repeat	(TTTGAA)N	44	44	44	44	NA	NA	NA	NA	NA
Other	Simple_repeat	(TTTGAAT)N	103	103	103	103	NA	NA	NA	NA	NA
Other	Simple_repeat	(TTTGACT)N	35	35	35	35	NA	NA	NA	NA	NA
Other	Simple_repeat	(TTTGAG)N	32	32	32	32	NA	NA	NA	NA	NA
Other	Simple_repeat	(TTTGAT)N	98	49	43	55	8.49	NA	NA	NA	NA
Other	Simple_repeat	(TTTGCT)N	29	29	29	29	NA	NA	NA	NA	NA
Other	Simple_repeat	(TTTGT)N	135	67.5	62	73	7.78	NA	NA	NA	NA
Other	Simple_repeat	(TTTGTA)N	103	51.5	46	57	7.78	NA	NA	NA	NA
Other	Simple_repeat	(TTTTA)N	608	304	35	573	380.42	NA	NA	NA	NA
Other	Simple_repeat	(TTTTAC)N	75	75	75	75	NA	NA	NA	NA	NA
Other	Simple_repeat	(TTTTC)N	183	45.75	30	69	18.79	NA	NA	NA	NA
Other	Simple_repeat	(TTTTCA)N	33	33	33	33	NA	NA	NA	NA	NA
Other	Simple_repeat	(TTTTCAA)N	40	40	40	40	NA	NA	NA	NA	NA
Other	Simple_repeat	(TTTTCAGA)N	33	33	33	33	NA	NA	NA	NA	NA
Other	Simple_repeat	(TTTTCAT)N	51	51	51	51	NA	NA	NA	NA	NA
Other	Simple_repeat	(TTTTCCAGG)N	76	38	38	38	0	NA	NA	NA	NA
Other	Simple_repeat	(TTTTCTC)N	47	47	47	47	NA	NA	NA	NA	NA
Other	Simple_repeat	(TTTTCTT)N	198	66	66	66	0	NA	NA	NA	NA
Other	Simple_repeat	(TTTTG)N	135	45	30	65	18.03	NA	NA	NA	NA
Other	Simple_repeat	(TTTTGC)N	64	64	64	64	NA	NA	NA	NA	NA
Other	Simple_repeat	(TTTTTA)N	129	64.5	46	83	26.16	NA	NA	NA	NA
Other	Simple_repeat	(TTTTTCA)N	208	69.33	46	112	37	NA	NA	NA	NA
PLE	Penelope	RND-1_FAMILY-108	15281	526.93	54	2251	510.38	NA	NA	NA	NA
PLE	Penelope	RND-1_FAMILY-118	18771	521.42	48	1800	495.42	NA	NA	NA	NA
PLE	Penelope	RND-1_FAMILY-15	67840	273.55	12	1028	197.29	NA	NA	NA	NA
PLE	Penelope	RND-1_FAMILY-178	8672	309.71	60	1602	342.78	NA	NA	NA	NA
PLE	Penelope	RND-1_FAMILY-179	8041	402.05	79	1301	344.55	NA	NA	NA	NA
PLE	Penelope	RND-1_FAMILY-195	6254	521.17	50	1581	490.35	NA	NA	NA	NA
PLE	Penelope	RND-1_FAMILY-278	5679	436.85	92	1622	453.73	NA	NA	NA	NA
PLE	Penelope	RND-1_FAMILY-292	9118	260.51	39	1169	241.32	NA	NA	NA	NA
PLE	Penelope	RND-1_FAMILY-3	96771	435.91	12	1834	418.94	NA	NA	NA	NA
PLE	Penelope	RND-1_FAMILY-368	3456	203.29	18	500	148.06	NA	NA	NA	NA
PLE	Penelope	RND-1_FAMILY-49	10875	388.39	56	1479	446.99	NA	NA	NA	NA
PLE	Penelope	RND-2_FAMILY-560	14832	449.45	69	1873	445	NA	NA	NA	NA
SINE	5S	RND-1_FAMILY-34	27296	203.7	46	289	63.75	NA	NA	NA	NA
SINE	ID	RND-1_FAMILY-96	13667	239.77	50	302	72.9	NA	NA	NA	NA
Unknown	Unknown	RND-1_FAMILY-10	56904	319.69	28	745	181.72	NA	NA	NA	NA
Unknown	Unknown	RND-1_FAMILY-100	9986	285.31	66	432	138.2	NA	NA	NA	NA
Unknown	Unknown	RND-1_FAMILY-101	16231	231.87	36	445	79.93	NA	NA	NA	NA
Unknown	Unknown	RND-1_FAMILY-102	7648	115.88	44	518	80.29	NA	NA	NA	NA
Unknown	Unknown	RND-1_FAMILY-103	16931	260.48	21	833	199.93	NA	NA	NA	NA
Unknown	Unknown	RND-1_FAMILY-104	17502	253.65	45	488	106	NA	NA	NA	NA
Unknown	Unknown	RND-1_FAMILY-105	13391	343.36	27	1279	392.23	NA	NA	NA	NA
Unknown	Unknown	RND-1_FAMILY-106	31579	250.63	11	479	111.46	NA	NA	NA	NA
Unknown	Unknown	RND-1_FAMILY-107	16165	293.91	34	833	203.97	NA	NA	NA	NA
Unknown	Unknown	RND-1_FAMILY-109	7134	285.36	38	444	136.7	NA	NA	NA	NA
Unknown	Unknown	RND-1_FAMILY-11	63759	308.01	38	881	129.35	NA	NA	NA	NA
Unknown	Unknown	RND-1_FAMILY-110	4644	160.14	18	346	69.77	NA	NA	NA	NA
Unknown	Unknown	RND-1_FAMILY-112	11229	175.45	29	505	76.22	NA	NA	NA	NA
Unknown	Unknown	RND-1_FAMILY-114	7460	414.44	145	935	255.41	NA	NA	NA	NA
Unknown	Unknown	RND-1_FAMILY-115	1935	129	48	382	81.63	NA	NA	NA	NA
Unknown	Unknown	RND-1_FAMILY-116	19201	246.17	17	476	146.71	NA	NA	NA	NA
Unknown	Unknown	RND-1_FAMILY-117	15703	506.55	41	1795	656.83	NA	NA	NA	NA
Unknown	Unknown	RND-1_FAMILY-12	57043	162.05	38	463	52.68	NA	NA	NA	NA
Unknown	Unknown	RND-1_FAMILY-120	15203	190.04	27	453	124.47	NA	NA	NA	NA
Unknown	Unknown	RND-1_FAMILY-123	19004	500.11	64	1388	446.66	NA	NA	NA	NA
Unknown	Unknown	RND-1_FAMILY-124	10773	244.84	44	398	127.18	NA	NA	NA	NA
Unknown	Unknown	RND-1_FAMILY-125	2256	42.57	25	89	6.91	NA	NA	NA	NA
Unknown	Unknown	RND-1_FAMILY-126	8255	183.44	12	777	153.38	NA	NA	NA	NA
Unknown	Unknown	RND-1_FAMILY-127	6091	761.38	40	2115	838.22	NA	NA	NA	NA
Unknown	Unknown	RND-1_FAMILY-129	14315	325.34	64	534	155.63	NA	NA	NA	NA
Unknown	Unknown	RND-1_FAMILY-13	7163	121.41	37	278	51.81	NA	NA	NA	NA
Unknown	Unknown	RND-1_FAMILY-130	2010	154.62	41	249	84.24	NA	NA	NA	NA
Unknown	Unknown	RND-1_FAMILY-131	5584	199.43	45	346	104.37	NA	NA	NA	NA
Unknown	Unknown	RND-1_FAMILY-132	7971	150.4	55	263	60.77	NA	NA	NA	NA
Unknown	Unknown	RND-1_FAMILY-133	2343	195.25	12	372	136.9	NA	NA	NA	NA
Unknown	Unknown	RND-1_FAMILY-134	12380	269.13	39	1859	401.49	NA	NA	NA	NA
Unknown	Unknown	RND-1_FAMILY-135	11647	277.31	66	561	116.43	NA	NA	NA	NA
Unknown	Unknown	RND-1_FAMILY-137	16128	209.45	54	450	107.07	NA	NA	NA	NA
Unknown	Unknown	RND-1_FAMILY-138	1213	202.17	75	269	93.61	NA	NA	NA	NA
Unknown	Unknown	RND-1_FAMILY-139	9168	187.1	28	339	61.14	NA	NA	NA	NA
Unknown	Unknown	RND-1_FAMILY-14	46512	218.37	30	713	104.95	NA	NA	NA	NA
Unknown	Unknown	RND-1_FAMILY-142	3512	175.6	43	460	137.51	NA	NA	NA	NA
Unknown	Unknown	RND-1_FAMILY-143	10709	382.46	49	761	246.83	NA	NA	NA	NA
Unknown	Unknown	RND-1_FAMILY-144	8732	272.88	41	630	189.76	NA	NA	NA	NA
Unknown	Unknown	RND-1_FAMILY-145	807	201.75	93	375	133.64	NA	NA	NA	NA
Unknown	Unknown	RND-1_FAMILY-146	5594	199.79	43	326	102.95	NA	NA	NA	NA
Unknown	Unknown	RND-1_FAMILY-147	4456	103.63	37	255	42.41	NA	NA	NA	NA
Unknown	Unknown	RND-1_FAMILY-149	6393	182.66	48	328	99.43	NA	NA	NA	NA
Unknown	Unknown	RND-1_FAMILY-150	10867	197.58	34	481	129.16	NA	NA	NA	NA
Unknown	Unknown	RND-1_FAMILY-151	14301	304.28	44	756	135.28	NA	NA	NA	NA
Unknown	Unknown	RND-1_FAMILY-152	1612	806	259	1353	773.57	NA	NA	NA	NA
Unknown	Unknown	RND-1_FAMILY-153	5259	584.33	109	1099	334.43	NA	NA	NA	NA
Unknown	Unknown	RND-1_FAMILY-154	1649	164.9	30	279	114.36	NA	NA	NA	NA
Unknown	Unknown	RND-1_FAMILY-155	3516	206.82	11	405	126.62	NA	NA	NA	NA
Unknown	Unknown	RND-1_FAMILY-156	3068	306.8	100	431	137.07	NA	NA	NA	NA
Unknown	Unknown	RND-1_FAMILY-159	3944	438.22	154	829	333.85	NA	NA	NA	NA
Unknown	Unknown	RND-1_FAMILY-160	12997	419.26	36	2457	606.27	NA	NA	NA	NA
Unknown	Unknown	RND-1_FAMILY-163	24514	437.75	12	3484	807.8	NA	NA	NA	NA
Unknown	Unknown	RND-1_FAMILY-166	8357	298.46	41	915	259.44	NA	NA	NA	NA
Unknown	Unknown	RND-1_FAMILY-167	9122	1013.56	64	5619	1773.59	NA	NA	NA	NA
Unknown	Unknown	RND-1_FAMILY-168	13914	376.05	18	1292	327.59	NA	NA	NA	NA
Unknown	Unknown	RND-1_FAMILY-169	2026	88.09	52	119	25.23	NA	NA	NA	NA
Unknown	Unknown	RND-1_FAMILY-17	34089	176.63	36	596	101.62	NA	NA	NA	NA
Unknown	Unknown	RND-1_FAMILY-170	17	17	17	17	NA	NA	NA	NA	NA
Unknown	Unknown	RND-1_FAMILY-171	13446	194.87	19	1173	275.76	NA	NA	NA	NA
Unknown	Unknown	RND-1_FAMILY-172	5004	147.18	12	495	101.15	NA	NA	NA	NA
Unknown	Unknown	RND-1_FAMILY-173	3469	119.62	15	349	96.05	NA	NA	NA	NA
Unknown	Unknown	RND-1_FAMILY-174	11212	260.74	41	442	118.79	NA	NA	NA	NA
Unknown	Unknown	RND-1_FAMILY-175	8261	284.86	98	576	117.38	NA	NA	NA	NA
Unknown	Unknown	RND-1_FAMILY-176	17700	465.79	13	3367	677.51	NA	NA	NA	NA
Unknown	Unknown	RND-1_FAMILY-177	23845	701.32	103	1913	571.66	NA	NA	NA	NA
Unknown	Unknown	RND-1_FAMILY-18	14263	316.96	61	1076	312.97	NA	NA	NA	NA
Unknown	Unknown	RND-1_FAMILY-181	12389	165.19	46	241	61.1	NA	NA	NA	NA
Unknown	Unknown	RND-1_FAMILY-182	27	27	27	27	NA	NA	NA	NA	NA
Unknown	Unknown	RND-1_FAMILY-184	5849	224.96	29	424	142.84	NA	NA	NA	NA
Unknown	Unknown	RND-1_FAMILY-185	4567	123.43	10	318	95.41	NA	NA	NA	NA
Unknown	Unknown	RND-1_FAMILY-186	7509	234.66	15	745	229.07	NA	NA	NA	NA
Unknown	Unknown	RND-1_FAMILY-187	4359	124.54	54	191	38.53	NA	NA	NA	NA
Unknown	Unknown	RND-1_FAMILY-188	7932	149.66	25	389	86.41	NA	NA	NA	NA
Unknown	Unknown	RND-1_FAMILY-189	10607	225.68	40	1626	262.99	NA	NA	NA	NA
Unknown	Unknown	RND-1_FAMILY-19	40529	264.9	35	394	93.51	NA	NA	NA	NA
Unknown	Unknown	RND-1_FAMILY-190	6560	133.88	13	570	120.45	NA	NA	NA	NA
Unknown	Unknown	RND-1_FAMILY-192	7886	328.58	53	643	164.39	NA	NA	NA	NA
Unknown	Unknown	RND-1_FAMILY-193	9853	289.79	39	1804	460.14	NA	NA	NA	NA
Unknown	Unknown	RND-1_FAMILY-196	2142	178.5	77	250	53.95	NA	NA	NA	NA
Unknown	Unknown	RND-1_FAMILY-197	2038	169.83	12	436	127.94	NA	NA	NA	NA
Unknown	Unknown	RND-1_FAMILY-199	1718	190.89	46	398	131.47	NA	NA	NA	NA
Unknown	Unknown	RND-1_FAMILY-20	9296	169.02	79	279	54.43	NA	NA	NA	NA
Unknown	Unknown	RND-1_FAMILY-200	4834	439.45	54	729	207.99	NA	NA	NA	NA
Unknown	Unknown	RND-1_FAMILY-202	4905	188.65	34	250	74.92	NA	NA	NA	NA
Unknown	Unknown	RND-1_FAMILY-203	4488	345.23	111	1133	295.34	NA	NA	NA	NA
Unknown	Unknown	RND-1_FAMILY-204	2040	185.45	79	348	108.19	NA	NA	NA	NA
Unknown	Unknown	RND-1_FAMILY-205	6583	253.19	47	543	145.24	NA	NA	NA	NA
Unknown	Unknown	RND-1_FAMILY-207	8894	306.69	15	764	238.19	NA	NA	NA	NA
Unknown	Unknown	RND-1_FAMILY-208	15676	295.77	62	674	176.18	NA	NA	NA	NA
Unknown	Unknown	RND-1_FAMILY-209	3683	1227.67	564	2436	1048.14	NA	NA	NA	NA
Unknown	Unknown	RND-1_FAMILY-210	31870	206.95	12	399	104.96	NA	NA	NA	NA
Unknown	Unknown	RND-1_FAMILY-211	9086	349.46	13	1638	442.65	NA	NA	NA	NA
Unknown	Unknown	RND-1_FAMILY-212	9450	286.36	33	931	311.38	NA	NA	NA	NA
Unknown	Unknown	RND-1_FAMILY-216	9750	171.05	34	1258	220.95	NA	NA	NA	NA
Unknown	Unknown	RND-1_FAMILY-218	7781	222.31	16	290	93.53	NA	NA	NA	NA
Unknown	Unknown	RND-1_FAMILY-219	15772	415.05	35	2228	703.15	NA	NA	NA	NA
Unknown	Unknown	RND-1_FAMILY-22	18140	124.25	32	219	36.54	NA	NA	NA	NA
Unknown	Unknown	RND-1_FAMILY-220	4395	175.8	32	726	158.97	NA	NA	NA	NA
Unknown	Unknown	RND-1_FAMILY-221	14154	456.58	39	3157	879.38	NA	NA	NA	NA
Unknown	Unknown	RND-1_FAMILY-222	4803	800.5	11	1595	837.38	NA	NA	NA	NA
Unknown	Unknown	RND-1_FAMILY-223	6436	238.37	49	641	201.74	NA	NA	NA	NA
Unknown	Unknown	RND-1_FAMILY-224	7011	194.75	50	933	152.23	NA	NA	NA	NA
Unknown	Unknown	RND-1_FAMILY-225	11606	414.5	30	805	326.69	NA	NA	NA	NA
Unknown	Unknown	RND-1_FAMILY-227	9852	447.82	48	803	224.96	NA	NA	NA	NA
Unknown	Unknown	RND-1_FAMILY-23	7875	207.24	13	1103	337.17	NA	NA	NA	NA
Unknown	Unknown	RND-1_FAMILY-232	4050	253.12	26	636	235.63	NA	NA	NA	NA
Unknown	Unknown	RND-1_FAMILY-234	2306	115.3	59	185	41.38	NA	NA	NA	NA
Unknown	Unknown	RND-1_FAMILY-236	8484	229.3	16	1301	233.23	NA	NA	NA	NA
Unknown	Unknown	RND-1_FAMILY-237	7508	278.07	20	474	157.1	NA	NA	NA	NA
Unknown	Unknown	RND-1_FAMILY-238	8810	225.9	23	776	181.09	NA	NA	NA	NA
Unknown	Unknown	RND-1_FAMILY-241	6526	217.53	16	665	205.83	NA	NA	NA	NA
Unknown	Unknown	RND-1_FAMILY-243	4973	207.21	50	451	122.41	NA	NA	NA	NA
Unknown	Unknown	RND-1_FAMILY-244	13103	327.58	54	507	118.96	NA	NA	NA	NA
Unknown	Unknown	RND-1_FAMILY-246	13906	421.39	36	821	318.77	NA	NA	NA	NA
Unknown	Unknown	RND-1_FAMILY-248	4975	130.92	49	267	69.37	NA	NA	NA	NA
Unknown	Unknown	RND-1_FAMILY-249	4643	309.53	68	469	167.04	NA	NA	NA	NA
Unknown	Unknown	RND-1_FAMILY-25	10066	1006.6	58	2622	983.38	NA	NA	NA	NA
Unknown	Unknown	RND-1_FAMILY-250	5452	218.08	61	349	79.11	NA	NA	NA	NA
Unknown	Unknown	RND-1_FAMILY-251	6353	176.47	31	450	124.55	NA	NA	NA	NA
Unknown	Unknown	RND-1_FAMILY-253	1112	74.13	35	82	11.44	NA	NA	NA	NA
Unknown	Unknown	RND-1_FAMILY-255	5325	242.05	62	630	197.97	NA	NA	NA	NA
Unknown	Unknown	RND-1_FAMILY-256	10114	297.47	41	457	171.5	NA	NA	NA	NA
Unknown	Unknown	RND-1_FAMILY-258	2708	112.83	82	221	37.49	NA	NA	NA	NA
Unknown	Unknown	RND-1_FAMILY-259	7234	289.36	11	1478	382.54	NA	NA	NA	NA
Unknown	Unknown	RND-1_FAMILY-26	15174	199.66	40	411	98.45	NA	NA	NA	NA
Unknown	Unknown	RND-1_FAMILY-260	5909	422.07	76	696	283.25	NA	NA	NA	NA
Unknown	Unknown	RND-1_FAMILY-264	38656	3221.33	54	28154	8196.8	NA	NA	NA	NA
Unknown	Unknown	RND-1_FAMILY-266	10472	402.77	14	1552	458.25	NA	NA	NA	NA
Unknown	Unknown	RND-1_FAMILY-267	6963	302.74	85	554	169.87	NA	NA	NA	NA
Unknown	Unknown	RND-1_FAMILY-268	4314	165.92	55	408	85.04	NA	NA	NA	NA
Unknown	Unknown	RND-1_FAMILY-27	19098	169.01	32	542	115.45	NA	NA	NA	NA
Unknown	Unknown	RND-1_FAMILY-270	3278	192.82	23	462	137.4	NA	NA	NA	NA
Unknown	Unknown	RND-1_FAMILY-273	12191	761.94	59	1738	551.18	NA	NA	NA	NA
Unknown	Unknown	RND-1_FAMILY-274	3670	262.14	40	389	104.5	NA	NA	NA	NA
Unknown	Unknown	RND-1_FAMILY-275	10069	209.77	52	367	101.6	NA	NA	NA	NA
Unknown	Unknown	RND-1_FAMILY-277	3080	513.33	41	1193	541.59	NA	NA	NA	NA
Unknown	Unknown	RND-1_FAMILY-28	11660	201.03	43	484	109.2	NA	NA	NA	NA
Unknown	Unknown	RND-1_FAMILY-280	4693	213.32	62	366	76.93	NA	NA	NA	NA
Unknown	Unknown	RND-1_FAMILY-281	4775	251.32	44	664	223.93	NA	NA	NA	NA
Unknown	Unknown	RND-1_FAMILY-282	55940	799.14	39	3657	853.35	NA	NA	NA	NA
Unknown	Unknown	RND-1_FAMILY-283	11405	495.87	62	1566	509.42	NA	NA	NA	NA
Unknown	Unknown	RND-1_FAMILY-286	4956	236	50	368	87.81	NA	NA	NA	NA
Unknown	Unknown	RND-1_FAMILY-288	4713	235.65	20	1159	276.33	NA	NA	NA	NA
Unknown	Unknown	RND-1_FAMILY-289	15379	530.31	69	1631	539.71	NA	NA	NA	NA
Unknown	Unknown	RND-1_FAMILY-290	3212	214.13	13	455	140.96	NA	NA	NA	NA
Unknown	Unknown	RND-1_FAMILY-294	2873	574.6	68	2431	1039.68	NA	NA	NA	NA
Unknown	Unknown	RND-1_FAMILY-296	3497	145.71	44	309	62.55	NA	NA	NA	NA
Unknown	Unknown	RND-1_FAMILY-297	7849	301.88	69	496	148.51	NA	NA	NA	NA
Unknown	Unknown	RND-1_FAMILY-298	1276	141.78	14	358	95.34	NA	NA	NA	NA
Unknown	Unknown	RND-1_FAMILY-30	21972	209.26	46	455	105.37	NA	NA	NA	NA
Unknown	Unknown	RND-1_FAMILY-300	1647	329.4	208	463	118.06	NA	NA	NA	NA
Unknown	Unknown	RND-1_FAMILY-301	4447	158.82	15	690	192.48	NA	NA	NA	NA
Unknown	Unknown	RND-1_FAMILY-303	4756	216.18	131	325	60.87	NA	NA	NA	NA
Unknown	Unknown	RND-1_FAMILY-304	4902	700.29	58	2027	905.59	NA	NA	NA	NA
Unknown	Unknown	RND-1_FAMILY-306	3800	172.73	112	246	41.96	NA	NA	NA	NA
Unknown	Unknown	RND-1_FAMILY-309	11919	458.42	38	2821	851.04	NA	NA	NA	NA
Unknown	Unknown	RND-1_FAMILY-31	17406	322.33	20	569	229.53	NA	NA	NA	NA
Unknown	Unknown	RND-1_FAMILY-311	4205	300.36	102	422	109.72	NA	NA	NA	NA
Unknown	Unknown	RND-1_FAMILY-312	1208	201.33	56	492	151.99	NA	NA	NA	NA
Unknown	Unknown	RND-1_FAMILY-313	1393	77.39	60	103	13.03	NA	NA	NA	NA
Unknown	Unknown	RND-1_FAMILY-316	2886	131.18	75	152	25.92	NA	NA	NA	NA
Unknown	Unknown	RND-1_FAMILY-318	1159	386.33	82	950	488.67	NA	NA	NA	NA
Unknown	Unknown	RND-1_FAMILY-32	33123	247.19	41	669	57.87	NA	NA	NA	NA
Unknown	Unknown	RND-1_FAMILY-320	7790	177.05	16	539	130.43	NA	NA	NA	NA
Unknown	Unknown	RND-1_FAMILY-322	16641	189.1	23	448	128.22	NA	NA	NA	NA
Unknown	Unknown	RND-1_FAMILY-323	8705	791.36	52	3073	989.58	NA	NA	NA	NA
Unknown	Unknown	RND-1_FAMILY-326	659	219.67	93	320	115.77	NA	NA	NA	NA
Unknown	Unknown	RND-1_FAMILY-327	2940	183.75	18	294	91.63	NA	NA	NA	NA
Unknown	Unknown	RND-1_FAMILY-330	1909	477.25	105	649	250.45	NA	NA	NA	NA
Unknown	Unknown	RND-1_FAMILY-331	1954	325.67	180	393	78.65	NA	NA	NA	NA
Unknown	Unknown	RND-1_FAMILY-332	2923	182.69	12	406	141.14	NA	NA	NA	NA
Unknown	Unknown	RND-1_FAMILY-333	2542	141.22	41	231	43.09	NA	NA	NA	NA
Unknown	Unknown	RND-1_FAMILY-334	5182	215.92	24	440	116.19	NA	NA	NA	NA
Unknown	Unknown	RND-1_FAMILY-335	14217	888.56	31	2784	1030.99	NA	NA	NA	NA
Unknown	Unknown	RND-1_FAMILY-337	11634	581.7	50	2709	890.75	NA	NA	NA	NA
Unknown	Unknown	RND-1_FAMILY-338	5745	198.1	12	450	118.35	NA	NA	NA	NA
Unknown	Unknown	RND-1_FAMILY-339	3817	190.85	48	286	81.76	NA	NA	NA	NA
Unknown	Unknown	RND-1_FAMILY-341	350	70	69	72	1.41	NA	NA	NA	NA
Unknown	Unknown	RND-1_FAMILY-343	5728	336.94	21	1095	402.95	NA	NA	NA	NA
Unknown	Unknown	RND-1_FAMILY-344	3117	222.64	52	388	116.56	NA	NA	NA	NA
Unknown	Unknown	RND-1_FAMILY-348	4753	297.06	41	943	254.46	NA	NA	NA	NA
Unknown	Unknown	RND-1_FAMILY-349	3382	225.47	43	445	118.4	NA	NA	NA	NA
Unknown	Unknown	RND-1_FAMILY-35	11845	215.36	23	392	113.16	NA	NA	NA	NA
Unknown	Unknown	RND-1_FAMILY-351	19733	229.45	29	572	123.36	NA	NA	NA	NA
Unknown	Unknown	RND-1_FAMILY-353	46880	808.28	24	2583	735.9	NA	NA	NA	NA
Unknown	Unknown	RND-1_FAMILY-354	5152	343.47	17	666	239.85	NA	NA	NA	NA
Unknown	Unknown	RND-1_FAMILY-356	3250	541.67	126	2056	745.23	NA	NA	NA	NA
Unknown	Unknown	RND-1_FAMILY-358	10373	576.28	47	862	296.43	NA	NA	NA	NA
Unknown	Unknown	RND-1_FAMILY-360	3826	294.31	38	424	143.91	NA	NA	NA	NA
Unknown	Unknown	RND-1_FAMILY-362	3977	233.94	50	305	99.27	NA	NA	NA	NA
Unknown	Unknown	RND-1_FAMILY-363	6780	484.29	45	936	349.74	NA	NA	NA	NA
Unknown	Unknown	RND-1_FAMILY-366	5850	344.12	56	688	229.93	NA	NA	NA	NA
Unknown	Unknown	RND-1_FAMILY-369	2253	150.2	31	288	103.06	NA	NA	NA	NA
Unknown	Unknown	RND-1_FAMILY-370	1336	60.73	43	71	8.61	NA	NA	NA	NA
Unknown	Unknown	RND-1_FAMILY-371	8720	193.78	11	710	203.1	NA	NA	NA	NA
Unknown	Unknown	RND-1_FAMILY-372	4283	171.32	44	316	96.99	NA	NA	NA	NA
Unknown	Unknown	RND-1_FAMILY-374	3419	162.81	31	573	128.87	NA	NA	NA	NA
Unknown	Unknown	RND-1_FAMILY-375	25537	381.15	28	2669	618.48	NA	NA	NA	NA
Unknown	Unknown	RND-1_FAMILY-376	32463	306.25	37	2488	368.94	NA	NA	NA	NA
Unknown	Unknown	RND-1_FAMILY-377	6602	388.35	69	783	306.35	NA	NA	NA	NA
Unknown	Unknown	RND-1_FAMILY-378	2719	226.58	58	346	106.83	NA	NA	NA	NA
Unknown	Unknown	RND-1_FAMILY-379	5486	783.71	234	2050	685.28	NA	NA	NA	NA
Unknown	Unknown	RND-1_FAMILY-38	16447	283.57	26	539	149.28	NA	NA	NA	NA
Unknown	Unknown	RND-1_FAMILY-381	5463	341.44	77	401	88.73	NA	NA	NA	NA
Unknown	Unknown	RND-1_FAMILY-382	3919	126.42	37	256	66.15	NA	NA	NA	NA
Unknown	Unknown	RND-1_FAMILY-383	10397	231.04	24	1172	307.68	NA	NA	NA	NA
Unknown	Unknown	RND-1_FAMILY-384	4839	193.56	51	324	110.45	NA	NA	NA	NA
Unknown	Unknown	RND-1_FAMILY-386	9132	190.25	14	824	190.42	NA	NA	NA	NA
Unknown	Unknown	RND-1_FAMILY-387	2368	197.33	70	317	80.05	NA	NA	NA	NA
Unknown	Unknown	RND-1_FAMILY-388	3442	286.83	30	388	123.48	NA	NA	NA	NA
Unknown	Unknown	RND-1_FAMILY-39	30181	241.45	32	518	98.81	NA	NA	NA	NA
Unknown	Unknown	RND-1_FAMILY-391	5182	225.3	53	774	190.17	NA	NA	NA	NA
Unknown	Unknown	RND-1_FAMILY-393	1823	227.88	43	432	161.97	NA	NA	NA	NA
Unknown	Unknown	RND-1_FAMILY-394	5756	287.8	20	432	145.91	NA	NA	NA	NA
Unknown	Unknown	RND-1_FAMILY-395	2613	186.64	47	319	99.17	NA	NA	NA	NA
Unknown	Unknown	RND-1_FAMILY-396	6378	277.3	39	647	223.14	NA	NA	NA	NA
Unknown	Unknown	RND-1_FAMILY-397	11550	275	37	883	204.35	NA	NA	NA	NA
Unknown	Unknown	RND-1_FAMILY-398	2454	409	64	674	268.76	NA	NA	NA	NA
Unknown	Unknown	RND-1_FAMILY-40	18421	148.56	18	328	47.18	NA	NA	NA	NA
Unknown	Unknown	RND-1_FAMILY-400	2061	257.62	14	563	206.96	NA	NA	NA	NA
Unknown	Unknown	RND-1_FAMILY-403	6444	292.91	87	579	144.63	NA	NA	NA	NA
Unknown	Unknown	RND-1_FAMILY-404	4103	273.53	33	519	162.8	NA	NA	NA	NA
Unknown	Unknown	RND-1_FAMILY-406	167	83.5	78	89	7.78	NA	NA	NA	NA
Unknown	Unknown	RND-1_FAMILY-407	3790	180.48	20	477	132.74	NA	NA	NA	NA
Unknown	Unknown	RND-1_FAMILY-408	4492	374.33	39	551	162.92	NA	NA	NA	NA
Unknown	Unknown	RND-1_FAMILY-409	4222	603.14	63	1210	398.67	NA	NA	NA	NA
Unknown	Unknown	RND-1_FAMILY-410	19594	753.62	48	3351	1210.42	NA	NA	NA	NA
Unknown	Unknown	RND-1_FAMILY-411	5366	214.64	11	1293	341.51	NA	NA	NA	NA
Unknown	Unknown	RND-1_FAMILY-412	7856	178.55	17	568	161.26	NA	NA	NA	NA
Unknown	Unknown	RND-1_FAMILY-413	4775	164.66	44	314	94.57	NA	NA	NA	NA
Unknown	Unknown	RND-1_FAMILY-414	11290	376.33	44	979	324.9	NA	NA	NA	NA
Unknown	Unknown	RND-1_FAMILY-415	2880	144	39	310	86.05	NA	NA	NA	NA
Unknown	Unknown	RND-1_FAMILY-416	3262	130.48	34	264	58.71	NA	NA	NA	NA
Unknown	Unknown	RND-1_FAMILY-417	1474	134	24	388	128.33	NA	NA	NA	NA
Unknown	Unknown	RND-1_FAMILY-418	9537	454.14	35	2396	684.77	NA	NA	NA	NA
Unknown	Unknown	RND-1_FAMILY-42	2703	159	42	485	105.92	NA	NA	NA	NA
Unknown	Unknown	RND-1_FAMILY-421	13756	917.07	109	1065	233.59	NA	NA	NA	NA
Unknown	Unknown	RND-1_FAMILY-422	14438	902.38	46	2388	766.12	NA	NA	NA	NA
Unknown	Unknown	RND-1_FAMILY-423	4382	257.76	48	445	132.59	NA	NA	NA	NA
Unknown	Unknown	RND-1_FAMILY-425	6293	393.31	71	603	202.81	NA	NA	NA	NA
Unknown	Unknown	RND-1_FAMILY-426	8107	405.35	27	1203	446.36	NA	NA	NA	NA
Unknown	Unknown	RND-1_FAMILY-427	7717	350.77	42	961	339.68	NA	NA	NA	NA
Unknown	Unknown	RND-1_FAMILY-428	2965	141.19	37	197	49.23	NA	NA	NA	NA
Unknown	Unknown	RND-1_FAMILY-429	2684	178.93	36	466	152.06	NA	NA	NA	NA
Unknown	Unknown	RND-1_FAMILY-43	26638	244.39	38	705	167.29	NA	NA	NA	NA
Unknown	Unknown	RND-1_FAMILY-430	11315	213.49	16	818	185.92	NA	NA	NA	NA
Unknown	Unknown	RND-1_FAMILY-431	2380	148.75	40	325	90.75	NA	NA	NA	NA
Unknown	Unknown	RND-1_FAMILY-44	21700	190.35	23	492	109.8	NA	NA	NA	NA
Unknown	Unknown	RND-1_FAMILY-45	24337	221.25	43	490	121.33	NA	NA	NA	NA
Unknown	Unknown	RND-1_FAMILY-46	17297	247.1	35	366	101.79	NA	NA	NA	NA
Unknown	Unknown	RND-1_FAMILY-47	7927	528.47	9	2129	750.15	NA	NA	NA	NA
Unknown	Unknown	RND-1_FAMILY-48	6614	472.43	15	1798	627.65	NA	NA	NA	NA
Unknown	Unknown	RND-1_FAMILY-5	24650	163.25	33	677	121.76	NA	NA	NA	NA
Unknown	Unknown	RND-1_FAMILY-50	8663	254.79	37	390	137.63	NA	NA	NA	NA
Unknown	Unknown	RND-1_FAMILY-51	2057	54.13	29	79	15.3	NA	NA	NA	NA
Unknown	Unknown	RND-1_FAMILY-52	15326	151.74	33	292	51.65	NA	NA	NA	NA
Unknown	Unknown	RND-1_FAMILY-55	18354	273.94	40	1073	199.71	NA	NA	NA	NA
Unknown	Unknown	RND-1_FAMILY-56	28033	264.46	24	900	136.21	NA	NA	NA	NA
Unknown	Unknown	RND-1_FAMILY-57	509	72.71	36	105	28.85	NA	NA	NA	NA
Unknown	Unknown	RND-1_FAMILY-59	23437	285.82	37	677	196.69	NA	NA	NA	NA
Unknown	Unknown	RND-1_FAMILY-6	49144	211.83	22	557	109.97	NA	NA	NA	NA
Unknown	Unknown	RND-1_FAMILY-61	15003	166.7	43	365	59.65	NA	NA	NA	NA
Unknown	Unknown	RND-1_FAMILY-62	8777	182.85	25	383	111.86	NA	NA	NA	NA
Unknown	Unknown	RND-1_FAMILY-65	10441	326.28	54	775	247.55	NA	NA	NA	NA
Unknown	Unknown	RND-1_FAMILY-66	27144	323.14	46	539	140.34	NA	NA	NA	NA
Unknown	Unknown	RND-1_FAMILY-67	11345	298.55	47	439	121.08	NA	NA	NA	NA
Unknown	Unknown	RND-1_FAMILY-69	23160	272.47	50	423	128.95	NA	NA	NA	NA
Unknown	Unknown	RND-1_FAMILY-7	17091	161.24	33	400	103.99	NA	NA	NA	NA
Unknown	Unknown	RND-1_FAMILY-70	4286	194.82	16	716	204.64	NA	NA	NA	NA
Unknown	Unknown	RND-1_FAMILY-73	12020	1202	206	2175	848.8	NA	NA	NA	NA
Unknown	Unknown	RND-1_FAMILY-74	11227	211.83	34	372	111.66	NA	NA	NA	NA
Unknown	Unknown	RND-1_FAMILY-75	20317	209.45	14	414	131.58	NA	NA	NA	NA
Unknown	Unknown	RND-1_FAMILY-76	12053	191.32	11	448	151.25	NA	NA	NA	NA
Unknown	Unknown	RND-1_FAMILY-79	5831	291.55	35	2066	546.39	NA	NA	NA	NA
Unknown	Unknown	RND-1_FAMILY-8	54267	243.35	41	553	109.93	NA	NA	NA	NA
Unknown	Unknown	RND-1_FAMILY-80	21717	217.17	29	2080	368.17	NA	NA	NA	NA
Unknown	Unknown	RND-1_FAMILY-83	11841	160.01	54	236	40.74	NA	NA	NA	NA
Unknown	Unknown	RND-1_FAMILY-84	17960	249.44	46	450	135.1	NA	NA	NA	NA
Unknown	Unknown	RND-1_FAMILY-85	7294	158.57	31	771	149.64	NA	NA	NA	NA
Unknown	Unknown	RND-1_FAMILY-88	8304	237.26	63	401	116.68	NA	NA	NA	NA
Unknown	Unknown	RND-1_FAMILY-91	2923	42.99	23	52	6.23	NA	NA	NA	NA
Unknown	Unknown	RND-1_FAMILY-92	3640	173.33	11	844	187.86	NA	NA	NA	NA
Unknown	Unknown	RND-1_FAMILY-93	4744	115.71	35	344	72.56	NA	NA	NA	NA
Unknown	Unknown	RND-1_FAMILY-94	12113	175.55	36	247	58.41	NA	NA	NA	NA
Unknown	Unknown	RND-1_FAMILY-95	16930	513.03	28	3256	898.96	NA	NA	NA	NA
Unknown	Unknown	RND-1_FAMILY-97	24165	383.57	42	535	176.52	NA	NA	NA	NA
Unknown	Unknown	RND-1_FAMILY-98	11874	289.61	35	455	124.83	NA	NA	NA	NA
Unknown	Unknown	RND-1_FAMILY-99	17155	163.38	31	408	70.75	NA	NA	NA	NA
Unknown	Unknown	RND-2_FAMILY-102	8192	227.56	43	496	139.05	NA	NA	NA	NA
Unknown	Unknown	RND-2_FAMILY-1088	12919	124.22	50	316	48.97	NA	NA	NA	NA
Unknown	Unknown	RND-2_FAMILY-1148	10858	226.21	35	476	144.9	NA	NA	NA	NA
Unknown	Unknown	RND-2_FAMILY-1182	4214	145.31	61	185	37.59	NA	NA	NA	NA
Unknown	Unknown	RND-2_FAMILY-1188	10357	279.92	39	574	194.49	NA	NA	NA	NA
Unknown	Unknown	RND-2_FAMILY-120	7157	198.81	59	590	135.26	NA	NA	NA	NA
Unknown	Unknown	RND-2_FAMILY-1210	5358	214.32	57	327	85.72	NA	NA	NA	NA
Unknown	Unknown	RND-2_FAMILY-1215	11848	288.98	12	1178	373	NA	NA	NA	NA
Unknown	Unknown	RND-2_FAMILY-1219	3743	207.94	15	381	141.82	NA	NA	NA	NA
Unknown	Unknown	RND-2_FAMILY-1235	12852	147.72	44	338	60.02	NA	NA	NA	NA
Unknown	Unknown	RND-2_FAMILY-1244	4824	253.89	68	550	140.87	NA	NA	NA	NA
Unknown	Unknown	RND-2_FAMILY-1264	5836	142.34	50	284	48.15	NA	NA	NA	NA
Unknown	Unknown	RND-2_FAMILY-1265	270	30	23	35	5.72	NA	NA	NA	NA
Unknown	Unknown	RND-2_FAMILY-1295	110	55	50	60	7.07	NA	NA	NA	NA
Unknown	Unknown	RND-2_FAMILY-1308	9646	219.23	53	772	129.84	NA	NA	NA	NA
Unknown	Unknown	RND-2_FAMILY-1338	9691	190.02	73	329	76.63	NA	NA	NA	NA
Unknown	Unknown	RND-2_FAMILY-1444	7213	189.82	38	438	128.63	NA	NA	NA	NA
Unknown	Unknown	RND-2_FAMILY-1460	189	189	189	189	NA	NA	NA	NA	NA
Unknown	Unknown	RND-2_FAMILY-1704	6350	147.67	43	233	60.35	NA	NA	NA	NA
Unknown	Unknown	RND-2_FAMILY-187	8996	249.89	15	1276	292.36	NA	NA	NA	NA
Unknown	Unknown	RND-2_FAMILY-188	2947	73.67	46	272	33.61	NA	NA	NA	NA
Unknown	Unknown	RND-2_FAMILY-190	5885	163.47	84	221	37.31	NA	NA	NA	NA
Unknown	Unknown	RND-2_FAMILY-191	53345	2963.61	100	7562	2611.31	NA	NA	NA	NA
Unknown	Unknown	RND-2_FAMILY-2001	676	67.6	39	82	13.28	NA	NA	NA	NA
Unknown	Unknown	RND-2_FAMILY-2111	892	81.09	59	168	31.32	NA	NA	NA	NA
Unknown	Unknown	RND-2_FAMILY-22	12822	278.74	46	430	125.17	NA	NA	NA	NA
Unknown	Unknown	RND-2_FAMILY-221	16212	190.73	42	611	118.51	NA	NA	NA	NA
Unknown	Unknown	RND-2_FAMILY-224	3807	173.05	58	432	110.24	NA	NA	NA	NA
Unknown	Unknown	RND-2_FAMILY-24	4613	153.77	49	237	58.65	NA	NA	NA	NA
Unknown	Unknown	RND-2_FAMILY-251	6063	183.73	29	408	108.34	NA	NA	NA	NA
Unknown	Unknown	RND-2_FAMILY-267	2903	120.96	42	297	57.98	NA	NA	NA	NA
Unknown	Unknown	RND-2_FAMILY-269	2347	234.7	73	465	142.68	NA	NA	NA	NA
Unknown	Unknown	RND-2_FAMILY-275	6543	133.53	17	299	74.66	NA	NA	NA	NA
Unknown	Unknown	RND-2_FAMILY-301	10381	116.64	39	158	33.05	NA	NA	NA	NA
Unknown	Unknown	RND-2_FAMILY-32	8266	179.7	31	323	87.21	NA	NA	NA	NA
Unknown	Unknown	RND-2_FAMILY-366	5763	180.09	42	368	95.83	NA	NA	NA	NA
Unknown	Unknown	RND-2_FAMILY-370	4868	243.4	50	578	167.09	NA	NA	NA	NA
Unknown	Unknown	RND-2_FAMILY-372	6206	206.87	65	528	127.73	NA	NA	NA	NA
Unknown	Unknown	RND-2_FAMILY-423	1315	263	70	422	176.22	NA	NA	NA	NA
Unknown	Unknown	RND-2_FAMILY-459	3229	179.39	45	294	71.59	NA	NA	NA	NA
Unknown	Unknown	RND-2_FAMILY-486	5232	193.78	44	426	120.34	NA	NA	NA	NA
Unknown	Unknown	RND-2_FAMILY-516	3522	293.5	82	693	193.85	NA	NA	NA	NA
Unknown	Unknown	RND-2_FAMILY-528	6620	228.28	45	511	150.73	NA	NA	NA	NA
Unknown	Unknown	RND-2_FAMILY-534	10602	230.48	33	523	127.86	NA	NA	NA	NA
Unknown	Unknown	RND-2_FAMILY-558	14854	265.25	32	544	141.64	NA	NA	NA	NA
Unknown	Unknown	RND-2_FAMILY-563	4495	132.21	41	204	51.31	NA	NA	NA	NA
Unknown	Unknown	RND-2_FAMILY-564	11070	147.6	43	399	55.72	NA	NA	NA	NA
Unknown	Unknown	RND-2_FAMILY-6	10543	136.92	37	223	55.54	NA	NA	NA	NA
Unknown	Unknown	RND-2_FAMILY-644	3910	244.38	50	387	132.22	NA	NA	NA	NA
Unknown	Unknown	RND-2_FAMILY-65	12862	262.49	55	876	242.85	NA	NA	NA	NA
Unknown	Unknown	RND-2_FAMILY-651	19453	255.96	23	1000	215.04	NA	NA	NA	NA
Unknown	Unknown	RND-2_FAMILY-687	4942	176.5	46	853	161.16	NA	NA	NA	NA
Unknown	Unknown	RND-2_FAMILY-758	7730	266.55	49	584	167.05	NA	NA	NA	NA
Unknown	Unknown	RND-2_FAMILY-763	4007	182.14	58	413	120.48	NA	NA	NA	NA
Unknown	Unknown	RND-2_FAMILY-766	7146	155.35	42	253	72.08	NA	NA	NA	NA
Unknown	Unknown	RND-2_FAMILY-78	14903	338.7	33	2390	579.45	NA	NA	NA	NA
Unknown	Unknown	RND-2_FAMILY-789	7117	209.32	39	750	206.97	NA	NA	NA	NA
Unknown	Unknown	RND-2_FAMILY-796	6464	258.56	38	643	201.4	NA	NA	NA	NA
Unknown	Unknown	RND-2_FAMILY-807	4978	207.42	36	612	159.24	NA	NA	NA	NA
Unknown	Unknown	RND-2_FAMILY-962	2588	199.08	61	475	161.98	NA	NA	NA	NA
Unknown	Unknown	RND-2_FAMILY-963	7097	417.47	46	661	200.06	NA	NA	NA	NA
Unknown	Unknown	RND-2_FAMILY-965	6923	209.79	37	456	127.87	NA	NA	NA	NA
Unknown	Unknown	RND-2_FAMILY-976	8114	130.87	19	546	115.5	NA	NA	NA	NA
